SQL> SELECT * FROM Contenu_Dimension;

"ID_CONTENU","TITRE","TYPE_MEDIA","NOM_ARTISTE","NOM_ALBUM","GENRE","CODE_ISRC","DUREE_SECONDES","DATE_SORTIE","FLAG_PAROLES_DISPONIBLES","FLAG_CONTENU_EXPLICITE"
"C_00259","Titre_Aleatoire_259","Musique","Artiste_42","Album_6","Rock",,387,"15/10/2016",0,1
"C_00260","Titre_Aleatoire_260","Musique","Artiste_42","Album_96","Rock",,280,"30/08/2010",1,0
"C_00261","Titre_Aleatoire_261","Musique","Artiste_80","Album_92","Rock",,151,"23/05/2010",0,1
"C_00262","Titre_Aleatoire_262","Musique","Artiste_41","Album_26","Pop",,368,"16/01/2020",0,1
"C_00263","Titre_Aleatoire_263","Musique","Artiste_40","Album_4","Rock",,245,"16/03/2015",0,1
"C_00264","Titre_Aleatoire_264","Musique","Artiste_30","Album_59","Rock",,271,"24/02/2016",1,1
"C_00265","Titre_Aleatoire_265","Podcast","Artiste_67","Album_17","Hip-Hop",,280,"06/12/2016",0,1
"C_00266","Titre_Aleatoire_266","Musique","Artiste_72","Album_60","Pop",,377,"27/03/2018",0,0
"C_00267","Titre_Aleatoire_267","Musique","Artiste_20","Album_91","Rock",,348,"29/05/2018",1,0
"C_00268","Titre_Aleatoire_268","Musique","Artiste_76","Album_16","Pop",,127,"01/02/2013",1,0
"C_00269","Titre_Aleatoire_269","Musique","Artiste_91","Album_37","Hip-Hop",,364,"21/01/2010",0,0
"C_00270","Titre_Aleatoire_270","Musique","Artiste_38","Album_50","Pop",,324,"12/08/2020",0,0
"C_00271","Titre_Aleatoire_271","Musique","Artiste_12","Album_33","Hip-Hop",,308,"24/07/2018",0,1
"C_00272","Titre_Aleatoire_272","Musique","Artiste_66","Album_50","Rock",,197,"10/09/2015",1,1
"C_00273","Titre_Aleatoire_273","Musique","Artiste_4","Album_43","Rock",,287,"08/06/2018",0,1
"C_00274","Titre_Aleatoire_274","Musique","Artiste_58","Album_9","Pop",,314,"29/11/2012",1,0
"C_00275","Titre_Aleatoire_275","Musique","Artiste_57","Album_83","Hip-Hop",,172,"22/09/2012",0,1
"C_00276","Titre_Aleatoire_276","Musique","Artiste_32","Album_57","Pop",,369,"02/08/2019",0,0
"C_00277","Titre_Aleatoire_277","Musique","Artiste_34","Album_10","Rock",,175,"07/08/2019",0,1
"C_00278","Titre_Aleatoire_278","Musique","Artiste_9","Album_8","Rock",,235,"24/04/2013",0,0
"C_00279","Titre_Aleatoire_279","Musique","Artiste_76","Album_76","Hip-Hop",,298,"03/01/2018",1,1
"C_00280","Titre_Aleatoire_280","Musique","Artiste_93","Album_96","Hip-Hop",,239,"02/05/2012",0,0
"C_00281","Titre_Aleatoire_281","Musique","Artiste_28","Album_13","Hip-Hop",,130,"26/08/2018",1,0
"C_00282","Titre_Aleatoire_282","Musique","Artiste_91","Album_24","Hip-Hop",,126,"12/02/2017",0,1
"C_00283","Titre_Aleatoire_283","Musique","Artiste_12","Album_17","Rock",,147,"30/09/2011",1,0
"C_00284","Titre_Aleatoire_284","Musique","Artiste_12","Album_49","Rock",,216,"08/12/2015",1,1
"C_00285","Titre_Aleatoire_285","Musique","Artiste_3","Album_34","Pop",,124,"11/02/2016",1,0
"C_00286","Titre_Aleatoire_286","Musique","Artiste_88","Album_31","Pop",,315,"08/01/2015",0,1
"C_00287","Titre_Aleatoire_287","Musique","Artiste_76","Album_53","Hip-Hop",,207,"17/09/2015",1,1
"C_00288","Titre_Aleatoire_288","Musique","Artiste_74","Album_65","Pop",,272,"05/01/2010",1,1
"C_00289","Titre_Aleatoire_289","Musique","Artiste_72","Album_38","Pop",,309,"28/03/2014",1,1
"C_00290","Titre_Aleatoire_290","Musique","Artiste_39","Album_86","Rock",,338,"25/01/2013",0,0
"C_00291","Titre_Aleatoire_291","Podcast","Artiste_16","Album_85","Pop",,289,"19/08/2018",0,0
"C_00292","Titre_Aleatoire_292","Musique","Artiste_9","Album_11","Rock",,253,"28/09/2012",0,1
"C_00293","Titre_Aleatoire_293","Musique","Artiste_14","Album_47","Rock",,240,"18/02/2020",1,1
"C_00294","Titre_Aleatoire_294","Musique","Artiste_30","Album_13","Rock",,351,"11/12/2018",1,1
"C_00295","Titre_Aleatoire_295","Musique","Artiste_59","Album_17","Rock",,251,"13/05/2014",1,0
"C_00296","Titre_Aleatoire_296","Musique","Artiste_9","Album_70","Pop",,358,"30/05/2011",1,0
"C_00297","Titre_Aleatoire_297","Musique","Artiste_67","Album_96","Hip-Hop",,240,"27/12/2014",1,1
"C_00298","Titre_Aleatoire_298","Musique","Artiste_91","Album_54","Pop",,344,"22/04/2015",1,1
"C_00299","Titre_Aleatoire_299","Musique","Artiste_48","Album_15","Hip-Hop",,380,"11/04/2017",0,0
"C_00300","Titre_Aleatoire_300","Musique","Artiste_64","Album_93","Rock",,234,"15/11/2014",0,1
"C_00301","Titre_Aleatoire_301","Musique","Artiste_36","Album_16","Rock",,349,"27/11/2013",1,0
"C_00302","Titre_Aleatoire_302","Musique","Artiste_4","Album_12","Hip-Hop",,171,"26/04/2012",0,1
"C_00303","Titre_Aleatoire_303","Musique","Artiste_83","Album_38","Hip-Hop",,264,"06/12/2019",1,1
"C_00304","Titre_Aleatoire_304","Musique","Artiste_1","Album_95","Rock",,222,"26/06/2020",1,1
"C_00305","Titre_Aleatoire_305","Musique","Artiste_6","Album_48","Rock",,324,"14/07/2010",1,1
"C_00306","Titre_Aleatoire_306","Musique","Artiste_21","Album_88","Hip-Hop",,203,"27/08/2018",0,0
"C_00307","Titre_Aleatoire_307","Musique","Artiste_69","Album_10","Pop",,251,"26/08/2011",1,1
"C_00308","Titre_Aleatoire_308","Musique","Artiste_85","Album_16","Hip-Hop",,225,"17/03/2019",1,1
"C_00309","Titre_Aleatoire_309","Musique","Artiste_55","Album_71","Rock",,155,"26/09/2011",0,1
"C_00310","Titre_Aleatoire_310","Musique","Artiste_22","Album_92","Pop",,175,"04/03/2019",0,0
"C_00311","Titre_Aleatoire_311","Podcast","Artiste_29","Album_96","Pop",,127,"27/10/2018",0,1
"C_00312","Titre_Aleatoire_312","Musique","Artiste_97","Album_96","Hip-Hop",,132,"21/12/2017",0,1
"C_00313","Titre_Aleatoire_313","Musique","Artiste_6","Album_38","Hip-Hop",,219,"30/12/2018",0,0
"C_00314","Titre_Aleatoire_314","Musique","Artiste_96","Album_81","Rock",,174,"04/08/2011",1,1
"C_00315","Titre_Aleatoire_315","Musique","Artiste_47","Album_32","Rock",,313,"08/02/2014",1,0
"C_00316","Titre_Aleatoire_316","Musique","Artiste_14","Album_97","Hip-Hop",,394,"17/12/2016",1,0
"C_00317","Titre_Aleatoire_317","Musique","Artiste_29","Album_34","Rock",,174,"16/02/2019",0,1
"C_00318","Titre_Aleatoire_318","Musique","Artiste_73","Album_86","Rock",,246,"18/12/2013",0,0
"C_00319","Titre_Aleatoire_319","Musique","Artiste_9","Album_4","Hip-Hop",,333,"21/08/2013",0,0
"C_00320","Titre_Aleatoire_320","Musique","Artiste_5","Album_57","Pop",,324,"06/08/2016",1,1
"C_00321","Titre_Aleatoire_321","Musique","Artiste_80","Album_70","Rock",,270,"10/08/2019",1,1
"C_00322","Titre_Aleatoire_322","Musique","Artiste_56","Album_56","Rock",,345,"29/03/2010",0,0
"C_00323","Titre_Aleatoire_323","Musique","Artiste_23","Album_71","Rock",,136,"23/06/2014",1,0
"C_00324","Titre_Aleatoire_324","Musique","Artiste_40","Album_47","Rock",,223,"23/02/2013",0,0
"C_00325","Titre_Aleatoire_325","Musique","Artiste_33","Album_94","Pop",,290,"13/07/2010",0,0
"C_00326","Titre_Aleatoire_326","Musique","Artiste_5","Album_26","Rock",,341,"26/06/2015",0,0
"C_00327","Titre_Aleatoire_327","Podcast","Artiste_88","Album_66","Hip-Hop",,263,"02/08/2015",0,0
"C_00328","Titre_Aleatoire_328","Musique","Artiste_31","Album_86","Rock",,207,"20/04/2018",1,0
"C_00329","Titre_Aleatoire_329","Musique","Artiste_18","Album_39","Rock",,280,"04/01/2019",0,1
"C_00330","Titre_Aleatoire_330","Musique","Artiste_61","Album_33","Rock",,246,"26/07/2018",1,0
"C_00331","Titre_Aleatoire_331","Musique","Artiste_98","Album_87","Hip-Hop",,215,"17/02/2015",1,0
"C_00332","Titre_Aleatoire_332","Musique","Artiste_52","Album_79","Rock",,214,"19/12/2011",1,1
"C_00333","Titre_Aleatoire_333","Musique","Artiste_91","Album_34","Pop",,156,"17/07/2014",1,0
"C_00334","Titre_Aleatoire_334","Musique","Artiste_89","Album_46","Pop",,386,"14/06/2012",0,0
"C_00335","Titre_Aleatoire_335","Musique","Artiste_37","Album_39","Pop",,359,"03/08/2016",1,1
"C_00336","Titre_Aleatoire_336","Musique","Artiste_13","Album_47","Hip-Hop",,274,"18/09/2012",0,0
"C_00337","Titre_Aleatoire_337","Musique","Artiste_2","Album_7","Rock",,125,"18/12/2014",1,0
"C_00338","Titre_Aleatoire_338","Musique","Artiste_42","Album_90","Pop",,320,"06/07/2010",0,1
"C_00339","Titre_Aleatoire_339","Musique","Artiste_20","Album_78","Hip-Hop",,139,"07/07/2010",1,0
"C_00340","Titre_Aleatoire_340","Musique","Artiste_96","Album_10","Pop",,138,"13/06/2017",0,0
"C_00341","Titre_Aleatoire_341","Musique","Artiste_65","Album_5","Rock",,246,"18/10/2020",1,1
"C_00342","Titre_Aleatoire_342","Musique","Artiste_69","Album_4","Hip-Hop",,280,"18/03/2011",1,0
"C_00343","Titre_Aleatoire_343","Musique","Artiste_30","Album_53","Rock",,382,"10/03/2015",1,0
"C_00344","Titre_Aleatoire_344","Musique","Artiste_34","Album_56","Hip-Hop",,277,"18/01/2013",0,0
"C_00345","Titre_Aleatoire_345","Musique","Artiste_68","Album_62","Hip-Hop",,288,"09/05/2020",1,1
"C_00346","Titre_Aleatoire_346","Musique","Artiste_26","Album_39","Rock",,277,"20/07/2016",0,1
"C_00347","Titre_Aleatoire_347","Musique","Artiste_93","Album_18","Rock",,269,"08/02/2010",1,0
"C_00348","Titre_Aleatoire_348","Musique","Artiste_12","Album_5","Pop",,163,"27/08/2015",0,0
"C_00349","Titre_Aleatoire_349","Musique","Artiste_7","Album_11","Rock",,390,"06/10/2014",0,1
"C_00350","Titre_Aleatoire_350","Musique","Artiste_84","Album_12","Rock",,167,"23/12/2018",1,1
"C_00351","Titre_Aleatoire_351","Musique","Artiste_77","Album_63","Rock",,201,"08/01/2018",1,0
"C_00352","Titre_Aleatoire_352","Musique","Artiste_39","Album_57","Rock",,259,"24/10/2013",0,0
"C_00353","Titre_Aleatoire_353","Musique","Artiste_9","Album_58","Hip-Hop",,167,"07/01/2013",0,0
"C_00354","Titre_Aleatoire_354","Podcast","Artiste_22","Album_7","Rock",,133,"09/08/2018",0,0
"C_00355","Titre_Aleatoire_355","Musique","Artiste_87","Album_71","Hip-Hop",,344,"03/12/2015",1,1
"C_00356","Titre_Aleatoire_356","Musique","Artiste_12","Album_32","Pop",,358,"31/03/2013",1,1
"C_00357","Titre_Aleatoire_357","Musique","Artiste_77","Album_79","Hip-Hop",,303,"18/08/2012",0,0
"C_00358","Titre_Aleatoire_358","Musique","Artiste_27","Album_55","Hip-Hop",,314,"22/04/2014",0,1
"C_00359","Titre_Aleatoire_359","Musique","Artiste_81","Album_78","Rock",,187,"17/09/2010",0,0
"C_00360","Titre_Aleatoire_360","Musique","Artiste_52","Album_82","Hip-Hop",,258,"01/11/2013",1,1
"C_00361","Titre_Aleatoire_361","Musique","Artiste_46","Album_72","Hip-Hop",,285,"17/06/2012",0,0
"C_00362","Titre_Aleatoire_362","Musique","Artiste_24","Album_62","Rock",,381,"26/11/2016",0,0
"C_00363","Titre_Aleatoire_363","Musique","Artiste_75","Album_26","Pop",,376,"29/12/2013",0,0
"C_00364","Titre_Aleatoire_364","Musique","Artiste_94","Album_56","Pop",,171,"28/09/2012",0,0
"C_00365","Titre_Aleatoire_365","Musique","Artiste_14","Album_26","Rock",,151,"04/07/2013",1,1
"C_00366","Titre_Aleatoire_366","Musique","Artiste_94","Album_33","Hip-Hop",,121,"13/07/2018",1,1
"C_00367","Titre_Aleatoire_367","Musique","Artiste_88","Album_99","Pop",,281,"14/03/2019",0,0
"C_00368","Titre_Aleatoire_368","Musique","Artiste_41","Album_55","Hip-Hop",,387,"31/03/2018",0,1
"C_00369","Titre_Aleatoire_369","Podcast","Artiste_74","Album_47","Hip-Hop",,289,"03/04/2012",1,1
"C_00370","Titre_Aleatoire_370","Podcast","Artiste_48","Album_89","Hip-Hop",,147,"07/04/2011",0,0
"C_00371","Titre_Aleatoire_371","Musique","Artiste_26","Album_98","Rock",,337,"11/02/2017",1,0
"C_00372","Titre_Aleatoire_372","Musique","Artiste_61","Album_90","Rock",,223,"13/07/2011",1,1
"C_00373","Titre_Aleatoire_373","Musique","Artiste_96","Album_7","Rock",,319,"08/03/2015",0,1
"C_00374","Titre_Aleatoire_374","Musique","Artiste_93","Album_59","Pop",,235,"09/07/2011",1,0
"C_00375","Titre_Aleatoire_375","Musique","Artiste_60","Album_68","Hip-Hop",,253,"22/01/2014",1,1
"C_00376","Titre_Aleatoire_376","Musique","Artiste_91","Album_18","Rock",,329,"01/05/2017",0,1
"C_00377","Titre_Aleatoire_377","Musique","Artiste_20","Album_30","Hip-Hop",,174,"17/03/2010",0,1
"C_00378","Titre_Aleatoire_378","Musique","Artiste_34","Album_56","Rock",,224,"07/08/2010",1,1
"C_00379","Titre_Aleatoire_379","Musique","Artiste_90","Album_62","Hip-Hop",,217,"23/03/2012",0,1
"C_00380","Titre_Aleatoire_380","Musique","Artiste_64","Album_74","Hip-Hop",,183,"19/10/2017",1,1
"C_00381","Titre_Aleatoire_381","Musique","Artiste_15","Album_97","Rock",,123,"17/06/2010",0,1
"C_00382","Titre_Aleatoire_382","Musique","Artiste_94","Album_72","Hip-Hop",,216,"06/02/2014",1,0
"C_00383","Titre_Aleatoire_383","Musique","Artiste_42","Album_25","Pop",,385,"09/08/2016",1,1
"C_00384","Titre_Aleatoire_384","Musique","Artiste_90","Album_82","Pop",,249,"12/12/2015",0,0
"C_00385","Titre_Aleatoire_385","Musique","Artiste_35","Album_82","Rock",,164,"18/02/2013",1,0
"C_00386","Titre_Aleatoire_386","Musique","Artiste_72","Album_25","Rock",,358,"05/02/2014",0,0
"C_00387","Titre_Aleatoire_387","Musique","Artiste_81","Album_50","Hip-Hop",,162,"22/12/2012",0,0
"C_00388","Titre_Aleatoire_388","Musique","Artiste_89","Album_71","Rock",,141,"26/11/2018",0,1
"C_00389","Titre_Aleatoire_389","Musique","Artiste_89","Album_2","Hip-Hop",,390,"18/01/2015",1,1
"C_00390","Titre_Aleatoire_390","Musique","Artiste_87","Album_41","Hip-Hop",,125,"17/07/2020",0,1
"C_00391","Titre_Aleatoire_391","Musique","Artiste_69","Album_71","Pop",,365,"07/09/2011",1,1
"C_00392","Titre_Aleatoire_392","Musique","Artiste_16","Album_1","Hip-Hop",,156,"12/08/2011",1,0
"C_00393","Titre_Aleatoire_393","Musique","Artiste_44","Album_38","Rock",,197,"27/09/2015",1,1
"C_00394","Titre_Aleatoire_394","Musique","Artiste_24","Album_47","Rock",,173,"20/08/2010",1,1
"C_00395","Titre_Aleatoire_395","Musique","Artiste_75","Album_41","Rock",,153,"26/08/2016",1,0
"C_00396","Titre_Aleatoire_396","Musique","Artiste_1","Album_65","Pop",,186,"01/01/2019",0,0
"C_00397","Titre_Aleatoire_397","Musique","Artiste_32","Album_35","Pop",,216,"03/12/2018",0,0
"C_00398","Titre_Aleatoire_398","Podcast","Artiste_41","Album_17","Hip-Hop",,361,"30/06/2017",1,1
"C_00399","Titre_Aleatoire_399","Podcast","Artiste_15","Album_46","Rock",,315,"18/04/2010",0,1
"C_00400","Titre_Aleatoire_400","Musique","Artiste_79","Album_47","Pop",,292,"09/08/2018",0,1
"C_00401","Titre_Aleatoire_401","Musique","Artiste_40","Album_60","Pop",,194,"19/03/2019",1,0
"C_00402","Titre_Aleatoire_402","Musique","Artiste_7","Album_47","Hip-Hop",,178,"04/04/2010",1,1
"C_00403","Titre_Aleatoire_403","Musique","Artiste_99","Album_82","Hip-Hop",,187,"21/12/2010",1,1
"C_00404","Titre_Aleatoire_404","Podcast","Artiste_90","Album_13","Rock",,238,"15/12/2017",1,0
"C_00405","Titre_Aleatoire_405","Musique","Artiste_45","Album_36","Pop",,331,"12/09/2015",1,1
"C_00406","Titre_Aleatoire_406","Musique","Artiste_24","Album_38","Rock",,253,"09/02/2015",0,0
"C_00407","Titre_Aleatoire_407","Musique","Artiste_49","Album_97","Pop",,181,"16/01/2017",0,0
"C_00408","Titre_Aleatoire_408","Musique","Artiste_12","Album_47","Hip-Hop",,254,"30/12/2013",0,1
"C_00409","Titre_Aleatoire_409","Podcast","Artiste_56","Album_20","Rock",,245,"26/12/2016",0,1
"C_00410","Titre_Aleatoire_410","Musique","Artiste_33","Album_29","Pop",,378,"08/07/2016",1,0
"C_00411","Titre_Aleatoire_411","Musique","Artiste_94","Album_20","Pop",,217,"29/10/2016",0,1
"C_00412","Titre_Aleatoire_412","Podcast","Artiste_13","Album_39","Rock",,343,"01/03/2015",0,1
"C_00413","Titre_Aleatoire_413","Podcast","Artiste_5","Album_49","Rock",,248,"28/03/2015",0,1
"C_00414","Titre_Aleatoire_414","Musique","Artiste_97","Album_99","Rock",,398,"22/01/2013",1,1
"C_00415","Titre_Aleatoire_415","Musique","Artiste_1","Album_4","Hip-Hop",,211,"19/09/2020",1,0
"C_00416","Titre_Aleatoire_416","Musique","Artiste_53","Album_26","Pop",,230,"28/07/2013",1,1
"C_00417","Titre_Aleatoire_417","Musique","Artiste_28","Album_75","Rock",,376,"27/06/2010",0,1
"C_00418","Titre_Aleatoire_418","Musique","Artiste_52","Album_37","Hip-Hop",,305,"25/03/2010",1,0
"C_00419","Titre_Aleatoire_419","Musique","Artiste_93","Album_5","Hip-Hop",,146,"23/08/2010",1,1
"C_00420","Titre_Aleatoire_420","Musique","Artiste_83","Album_30","Rock",,192,"22/07/2011",1,1
"C_00421","Titre_Aleatoire_421","Musique","Artiste_59","Album_6","Hip-Hop",,160,"04/02/2010",0,1
"C_00422","Titre_Aleatoire_422","Musique","Artiste_48","Album_28","Rock",,132,"15/10/2014",1,1
"C_00423","Titre_Aleatoire_423","Musique","Artiste_18","Album_99","Hip-Hop",,200,"17/04/2012",1,0
"C_00424","Titre_Aleatoire_424","Musique","Artiste_1","Album_48","Pop",,302,"20/10/2015",1,1
"C_00425","Titre_Aleatoire_425","Musique","Artiste_24","Album_93","Pop",,388,"14/03/2018",0,0
"C_00426","Titre_Aleatoire_426","Musique","Artiste_90","Album_63","Pop",,322,"22/12/2018",0,0
"C_00427","Titre_Aleatoire_427","Musique","Artiste_48","Album_75","Pop",,379,"17/02/2012",1,0
"C_00428","Titre_Aleatoire_428","Musique","Artiste_63","Album_11","Rock",,373,"18/04/2011",0,1
"C_00429","Titre_Aleatoire_429","Musique","Artiste_24","Album_40","Hip-Hop",,132,"11/06/2019",1,1
"C_00001","Titre_Aleatoire_1","Musique","Artiste_6","Album_41","Pop",,224,"13/05/2014",0,1
"C_00002","Titre_Aleatoire_2","Musique","Artiste_69","Album_5","Pop",,267,"02/04/2016",0,0
"C_00003","Titre_Aleatoire_3","Musique","Artiste_73","Album_77","Pop",,203,"28/04/2017",1,0
"C_00004","Titre_Aleatoire_4","Musique","Artiste_40","Album_84","Rock",,318,"06/08/2020",0,0
"C_00005","Titre_Aleatoire_5","Musique","Artiste_11","Album_31","Pop",,324,"28/04/2015",1,0
"C_00006","Titre_Aleatoire_6","Musique","Artiste_66","Album_37","Hip-Hop",,315,"31/08/2010",0,1
"C_00007","Titre_Aleatoire_7","Musique","Artiste_93","Album_28","Pop",,355,"15/05/2020",0,0
"C_00008","Titre_Aleatoire_8","Musique","Artiste_60","Album_11","Hip-Hop",,198,"04/11/2013",0,0
"C_00009","Titre_Aleatoire_9","Musique","Artiste_30","Album_76","Rock",,268,"26/09/2014",0,1
"C_00010","Titre_Aleatoire_10","Musique","Artiste_33","Album_21","Rock",,261,"15/03/2020",1,1
"C_00011","Titre_Aleatoire_11","Musique","Artiste_6","Album_85","Rock",,373,"26/03/2013",0,0
"C_00012","Titre_Aleatoire_12","Musique","Artiste_38","Album_94","Pop",,144,"22/07/2020",1,0
"C_00013","Titre_Aleatoire_13","Musique","Artiste_99","Album_12","Pop",,370,"13/01/2019",0,0
"C_00014","Titre_Aleatoire_14","Musique","Artiste_54","Album_76","Pop",,148,"27/07/2020",0,0
"C_00015","Titre_Aleatoire_15","Musique","Artiste_27","Album_49","Pop",,123,"28/01/2014",0,1
"C_00016","Titre_Aleatoire_16","Musique","Artiste_48","Album_44","Hip-Hop",,173,"25/12/2017",1,1
"C_00017","Titre_Aleatoire_17","Musique","Artiste_63","Album_82","Rock",,359,"17/02/2017",0,1
"C_00018","Titre_Aleatoire_18","Musique","Artiste_1","Album_26","Pop",,252,"17/01/2011",1,0
"C_00019","Titre_Aleatoire_19","Musique","Artiste_10","Album_34","Rock",,184,"24/02/2015",1,1
"C_00020","Titre_Aleatoire_20","Musique","Artiste_2","Album_21","Rock",,325,"23/04/2014",1,0
"C_00021","Titre_Aleatoire_21","Musique","Artiste_1","Album_67","Hip-Hop",,395,"09/11/2012",0,1
"C_00022","Titre_Aleatoire_22","Musique","Artiste_76","Album_42","Hip-Hop",,302,"06/11/2012",0,1
"C_00023","Titre_Aleatoire_23","Musique","Artiste_12","Album_76","Hip-Hop",,216,"26/01/2016",1,1
"C_00024","Titre_Aleatoire_24","Musique","Artiste_7","Album_48","Rock",,184,"23/07/2011",1,1
"C_00025","Titre_Aleatoire_25","Musique","Artiste_53","Album_37","Rock",,351,"05/02/2017",0,0
"C_00026","Titre_Aleatoire_26","Musique","Artiste_8","Album_7","Pop",,287,"19/12/2013",0,1
"C_00027","Titre_Aleatoire_27","Musique","Artiste_77","Album_86","Rock",,296,"04/02/2010",0,1
"C_00028","Titre_Aleatoire_28","Musique","Artiste_82","Album_82","Hip-Hop",,213,"30/07/2012",0,0
"C_00029","Titre_Aleatoire_29","Musique","Artiste_62","Album_54","Rock",,300,"26/11/2017",0,1
"C_00030","Titre_Aleatoire_30","Musique","Artiste_26","Album_61","Rock",,179,"12/09/2014",1,1
"C_00031","Titre_Aleatoire_31","Musique","Artiste_59","Album_88","Pop",,178,"12/04/2018",0,0
"C_00032","Titre_Aleatoire_32","Musique","Artiste_72","Album_51","Rock",,301,"26/10/2016",0,1
"C_00033","Titre_Aleatoire_33","Musique","Artiste_35","Album_35","Pop",,237,"02/01/2018",1,0
"C_00034","Titre_Aleatoire_34","Musique","Artiste_57","Album_90","Pop",,294,"14/11/2015",1,1
"C_00035","Titre_Aleatoire_35","Musique","Artiste_46","Album_23","Hip-Hop",,347,"21/01/2012",0,1
"C_00036","Titre_Aleatoire_36","Musique","Artiste_99","Album_6","Pop",,203,"03/05/2011",0,0
"C_00037","Titre_Aleatoire_37","Musique","Artiste_39","Album_85","Rock",,255,"07/02/2014",0,0
"C_00038","Titre_Aleatoire_38","Musique","Artiste_38","Album_90","Rock",,383,"27/07/2020",1,0
"C_00039","Titre_Aleatoire_39","Musique","Artiste_44","Album_33","Pop",,136,"21/10/2013",0,0
"C_00040","Titre_Aleatoire_40","Musique","Artiste_4","Album_94","Hip-Hop",,129,"23/04/2013",0,0
"C_00041","Titre_Aleatoire_41","Podcast","Artiste_10","Album_96","Rock",,318,"03/08/2013",1,1
"C_00042","Titre_Aleatoire_42","Musique","Artiste_16","Album_50","Rock",,304,"05/10/2016",1,0
"C_00043","Titre_Aleatoire_43","Musique","Artiste_47","Album_80","Rock",,277,"17/04/2015",1,0
"C_00044","Titre_Aleatoire_44","Musique","Artiste_44","Album_59","Hip-Hop",,370,"25/03/2012",1,1
"C_00045","Titre_Aleatoire_45","Musique","Artiste_54","Album_45","Pop",,330,"23/08/2012",1,1
"C_00046","Titre_Aleatoire_46","Musique","Artiste_89","Album_22","Rock",,281,"07/03/2014",1,1
"C_00047","Titre_Aleatoire_47","Musique","Artiste_71","Album_55","Rock",,169,"22/04/2010",0,1
"C_00048","Titre_Aleatoire_48","Musique","Artiste_51","Album_63","Rock",,363,"19/03/2018",0,1
"C_00049","Titre_Aleatoire_49","Musique","Artiste_45","Album_75","Rock",,268,"24/04/2017",0,1
"C_00050","Titre_Aleatoire_50","Musique","Artiste_66","Album_33","Rock",,190,"10/10/2015",1,0
"C_00051","Titre_Aleatoire_51","Musique","Artiste_58","Album_60","Rock",,278,"09/03/2014",0,1
"C_00052","Titre_Aleatoire_52","Musique","Artiste_30","Album_1","Rock",,287,"25/08/2013",1,0
"C_00053","Titre_Aleatoire_53","Musique","Artiste_24","Album_93","Pop",,229,"02/01/2020",1,0
"C_00054","Titre_Aleatoire_54","Musique","Artiste_12","Album_35","Rock",,281,"21/01/2017",0,0
"C_00055","Titre_Aleatoire_55","Musique","Artiste_24","Album_76","Rock",,175,"07/02/2017",1,1
"C_00056","Titre_Aleatoire_56","Musique","Artiste_24","Album_77","Rock",,353,"10/05/2014",0,1
"C_00057","Titre_Aleatoire_57","Musique","Artiste_37","Album_31","Rock",,266,"01/12/2016",1,0
"C_00058","Titre_Aleatoire_58","Musique","Artiste_27","Album_27","Rock",,155,"25/09/2018",0,1
"C_00059","Titre_Aleatoire_59","Musique","Artiste_83","Album_99","Rock",,238,"20/10/2011",0,0
"C_00060","Titre_Aleatoire_60","Musique","Artiste_86","Album_31","Pop",,288,"27/11/2014",1,1
"C_00061","Titre_Aleatoire_61","Musique","Artiste_68","Album_3","Pop",,183,"04/09/2010",1,0
"C_00062","Titre_Aleatoire_62","Musique","Artiste_93","Album_68","Pop",,202,"12/04/2015",0,0
"C_00063","Titre_Aleatoire_63","Musique","Artiste_19","Album_38","Pop",,233,"11/12/2017",0,0
"C_00064","Titre_Aleatoire_64","Musique","Artiste_83","Album_70","Hip-Hop",,253,"06/10/2019",1,0
"C_00065","Titre_Aleatoire_65","Musique","Artiste_30","Album_3","Pop",,218,"06/11/2014",1,1
"C_00066","Titre_Aleatoire_66","Musique","Artiste_25","Album_72","Hip-Hop",,229,"08/09/2010",0,1
"C_00067","Titre_Aleatoire_67","Musique","Artiste_1","Album_18","Pop",,355,"16/01/2015",1,1
"C_00068","Titre_Aleatoire_68","Musique","Artiste_14","Album_54","Rock",,187,"31/10/2013",1,0
"C_00069","Titre_Aleatoire_69","Musique","Artiste_83","Album_86","Hip-Hop",,307,"26/10/2016",1,0
"C_00070","Titre_Aleatoire_70","Musique","Artiste_72","Album_28","Rock",,374,"25/11/2015",0,1
"C_00071","Titre_Aleatoire_71","Musique","Artiste_26","Album_65","Pop",,398,"04/10/2011",1,1
"C_00072","Titre_Aleatoire_72","Musique","Artiste_18","Album_28","Rock",,158,"01/04/2015",1,1
"C_00073","Titre_Aleatoire_73","Musique","Artiste_72","Album_31","Pop",,136,"27/06/2017",1,0
"C_00074","Titre_Aleatoire_74","Musique","Artiste_3","Album_63","Pop",,182,"08/07/2012",0,1
"C_00075","Titre_Aleatoire_75","Musique","Artiste_49","Album_97","Pop",,143,"04/11/2017",1,0
"C_00076","Titre_Aleatoire_76","Podcast","Artiste_13","Album_94","Rock",,165,"25/07/2014",0,1
"C_00077","Titre_Aleatoire_77","Musique","Artiste_97","Album_60","Hip-Hop",,357,"09/09/2017",1,1
"C_00078","Titre_Aleatoire_78","Musique","Artiste_38","Album_89","Pop",,181,"07/10/2010",1,0
"C_00079","Titre_Aleatoire_79","Musique","Artiste_22","Album_20","Pop",,167,"14/07/2019",1,0
"C_00080","Titre_Aleatoire_80","Podcast","Artiste_59","Album_84","Rock",,162,"10/05/2019",1,1
"C_00081","Titre_Aleatoire_81","Musique","Artiste_86","Album_12","Pop",,278,"03/11/2012",0,1
"C_00082","Titre_Aleatoire_82","Musique","Artiste_86","Album_79","Hip-Hop",,276,"03/06/2015",0,1
"C_00083","Titre_Aleatoire_83","Musique","Artiste_59","Album_97","Rock",,129,"20/01/2012",1,1
"C_00084","Titre_Aleatoire_84","Podcast","Artiste_85","Album_53","Rock",,224,"15/04/2018",0,0
"C_00085","Titre_Aleatoire_85","Musique","Artiste_3","Album_64","Pop",,174,"24/08/2010",0,1
"C_00086","Titre_Aleatoire_86","Musique","Artiste_41","Album_74","Pop",,208,"28/07/2012",1,0
"C_00087","Titre_Aleatoire_87","Musique","Artiste_92","Album_64","Pop",,290,"29/05/2019",0,0
"C_00088","Titre_Aleatoire_88","Podcast","Artiste_63","Album_27","Hip-Hop",,155,"20/07/2012",0,1
"C_00089","Titre_Aleatoire_89","Musique","Artiste_67","Album_41","Rock",,206,"16/03/2017",1,1
"C_00090","Titre_Aleatoire_90","Musique","Artiste_50","Album_85","Rock",,277,"16/01/2015",0,0
"C_00091","Titre_Aleatoire_91","Musique","Artiste_61","Album_45","Hip-Hop",,305,"23/11/2019",0,1
"C_00092","Titre_Aleatoire_92","Musique","Artiste_25","Album_91","Hip-Hop",,235,"11/07/2017",0,1
"C_00093","Titre_Aleatoire_93","Musique","Artiste_85","Album_67","Hip-Hop",,266,"07/01/2015",1,0
"C_00094","Titre_Aleatoire_94","Musique","Artiste_56","Album_65","Hip-Hop",,217,"02/04/2016",1,1
"C_00095","Titre_Aleatoire_95","Musique","Artiste_10","Album_83","Hip-Hop",,302,"27/05/2012",0,1
"C_00096","Titre_Aleatoire_96","Musique","Artiste_99","Album_60","Rock",,151,"10/08/2012",0,1
"C_00097","Titre_Aleatoire_97","Musique","Artiste_44","Album_42","Rock",,202,"29/05/2013",0,0
"C_00098","Titre_Aleatoire_98","Musique","Artiste_75","Album_99","Rock",,317,"06/09/2012",0,0
"C_00099","Titre_Aleatoire_99","Musique","Artiste_48","Album_4","Pop",,393,"26/04/2020",0,1
"C_00100","Titre_Aleatoire_100","Musique","Artiste_56","Album_87","Hip-Hop",,389,"15/07/2014",1,0
"C_00101","Titre_Aleatoire_101","Musique","Artiste_22","Album_82","Hip-Hop",,291,"09/12/2017",1,0
"C_00102","Titre_Aleatoire_102","Musique","Artiste_28","Album_48","Pop",,308,"22/07/2018",1,0
"C_00103","Titre_Aleatoire_103","Musique","Artiste_19","Album_90","Rock",,236,"22/11/2014",0,0
"C_00104","Titre_Aleatoire_104","Musique","Artiste_22","Album_55","Pop",,180,"16/10/2019",0,1
"C_00105","Titre_Aleatoire_105","Podcast","Artiste_22","Album_64","Hip-Hop",,267,"16/11/2012",1,0
"C_00106","Titre_Aleatoire_106","Musique","Artiste_80","Album_73","Hip-Hop",,221,"09/06/2020",1,1
"C_00107","Titre_Aleatoire_107","Musique","Artiste_18","Album_90","Rock",,326,"05/04/2016",1,1
"C_00108","Titre_Aleatoire_108","Musique","Artiste_54","Album_10","Pop",,215,"04/08/2017",1,0
"C_00109","Titre_Aleatoire_109","Musique","Artiste_21","Album_41","Pop",,299,"25/06/2019",1,0
"C_00110","Titre_Aleatoire_110","Podcast","Artiste_16","Album_39","Pop",,239,"10/01/2020",0,0
"C_00111","Titre_Aleatoire_111","Musique","Artiste_81","Album_33","Hip-Hop",,328,"17/03/2013",1,0
"C_00112","Titre_Aleatoire_112","Musique","Artiste_35","Album_87","Pop",,295,"05/12/2012",0,1
"C_00113","Titre_Aleatoire_113","Musique","Artiste_38","Album_59","Rock",,376,"15/12/2012",0,0
"C_00114","Titre_Aleatoire_114","Musique","Artiste_17","Album_49","Hip-Hop",,138,"04/12/2013",0,1
"C_00115","Titre_Aleatoire_115","Musique","Artiste_44","Album_95","Pop",,177,"10/02/2019",1,1
"C_00116","Titre_Aleatoire_116","Musique","Artiste_49","Album_80","Hip-Hop",,195,"16/05/2018",1,1
"C_00117","Titre_Aleatoire_117","Musique","Artiste_28","Album_49","Pop",,154,"17/10/2016",1,0
"C_00118","Titre_Aleatoire_118","Musique","Artiste_17","Album_80","Rock",,126,"09/04/2019",1,1
"C_00119","Titre_Aleatoire_119","Musique","Artiste_65","Album_71","Rock",,226,"26/06/2019",0,0
"C_00120","Titre_Aleatoire_120","Musique","Artiste_33","Album_8","Hip-Hop",,298,"12/09/2011",0,0
"C_00121","Titre_Aleatoire_121","Musique","Artiste_5","Album_44","Pop",,137,"20/04/2011",0,0
"C_00122","Titre_Aleatoire_122","Musique","Artiste_78","Album_73","Rock",,197,"10/06/2012",1,0
"C_00123","Titre_Aleatoire_123","Podcast","Artiste_98","Album_66","Pop",,331,"16/12/2017",1,0
"C_00124","Titre_Aleatoire_124","Musique","Artiste_72","Album_76","Rock",,134,"14/07/2013",0,0
"C_00125","Titre_Aleatoire_125","Musique","Artiste_65","Album_70","Hip-Hop",,287,"05/03/2017",0,1
"C_00126","Titre_Aleatoire_126","Musique","Artiste_32","Album_70","Rock",,148,"23/09/2019",1,1
"C_00127","Titre_Aleatoire_127","Musique","Artiste_9","Album_76","Rock",,163,"09/05/2019",1,1
"C_00128","Titre_Aleatoire_128","Podcast","Artiste_37","Album_99","Pop",,309,"21/03/2010",1,1
"C_00129","Titre_Aleatoire_129","Musique","Artiste_28","Album_80","Pop",,326,"16/08/2016",1,0
"C_00130","Titre_Aleatoire_130","Musique","Artiste_99","Album_30","Rock",,285,"05/08/2017",1,1
"C_00131","Titre_Aleatoire_131","Musique","Artiste_67","Album_61","Rock",,215,"24/10/2015",0,1
"C_00132","Titre_Aleatoire_132","Musique","Artiste_68","Album_77","Rock",,297,"21/02/2012",0,0
"C_00133","Titre_Aleatoire_133","Musique","Artiste_24","Album_34","Hip-Hop",,331,"20/08/2020",1,1
"C_00134","Titre_Aleatoire_134","Musique","Artiste_54","Album_25","Rock",,306,"23/04/2019",0,1
"C_00135","Titre_Aleatoire_135","Musique","Artiste_28","Album_1","Hip-Hop",,320,"05/08/2015",0,1
"C_00136","Titre_Aleatoire_136","Podcast","Artiste_84","Album_27","Rock",,282,"14/03/2020",0,0
"C_00137","Titre_Aleatoire_137","Musique","Artiste_96","Album_65","Pop",,187,"07/05/2010",1,0
"C_00138","Titre_Aleatoire_138","Musique","Artiste_26","Album_74","Pop",,199,"28/01/2019",0,1
"C_00139","Titre_Aleatoire_139","Podcast","Artiste_97","Album_85","Pop",,274,"18/01/2020",0,1
"C_00140","Titre_Aleatoire_140","Podcast","Artiste_41","Album_2","Pop",,225,"27/08/2016",1,0
"C_00141","Titre_Aleatoire_141","Musique","Artiste_32","Album_96","Rock",,315,"28/06/2017",0,0
"C_00142","Titre_Aleatoire_142","Musique","Artiste_86","Album_79","Pop",,378,"05/01/2018",1,0
"C_00143","Titre_Aleatoire_143","Musique","Artiste_18","Album_14","Rock",,373,"14/07/2016",0,1
"C_00144","Titre_Aleatoire_144","Musique","Artiste_61","Album_64","Pop",,357,"28/06/2018",1,1
"C_00145","Titre_Aleatoire_145","Musique","Artiste_83","Album_53","Pop",,141,"16/01/2012",0,1
"C_00146","Titre_Aleatoire_146","Musique","Artiste_70","Album_84","Pop",,252,"15/11/2012",1,0
"C_00147","Titre_Aleatoire_147","Musique","Artiste_23","Album_15","Rock",,318,"29/09/2020",0,0
"C_00148","Titre_Aleatoire_148","Musique","Artiste_86","Album_53","Pop",,314,"25/07/2011",1,1
"C_00149","Titre_Aleatoire_149","Musique","Artiste_95","Album_80","Pop",,300,"30/01/2010",0,1
"C_00150","Titre_Aleatoire_150","Musique","Artiste_75","Album_38","Rock",,358,"16/07/2014",1,1
"C_00151","Titre_Aleatoire_151","Musique","Artiste_89","Album_48","Hip-Hop",,172,"21/02/2010",0,1
"C_00152","Titre_Aleatoire_152","Musique","Artiste_88","Album_55","Rock",,225,"28/09/2018",0,1
"C_00153","Titre_Aleatoire_153","Musique","Artiste_70","Album_30","Pop",,376,"07/11/2019",1,1
"C_00154","Titre_Aleatoire_154","Musique","Artiste_83","Album_58","Pop",,392,"12/08/2015",0,1
"C_00155","Titre_Aleatoire_155","Musique","Artiste_2","Album_91","Rock",,265,"28/01/2011",1,0
"C_00156","Titre_Aleatoire_156","Musique","Artiste_66","Album_21","Hip-Hop",,382,"17/05/2018",1,0
"C_00157","Titre_Aleatoire_157","Musique","Artiste_75","Album_69","Hip-Hop",,193,"31/03/2014",0,0
"C_00158","Titre_Aleatoire_158","Musique","Artiste_90","Album_98","Rock",,277,"21/12/2013",0,0
"C_00159","Titre_Aleatoire_159","Musique","Artiste_11","Album_53","Pop",,163,"04/07/2020",0,0
"C_00160","Titre_Aleatoire_160","Musique","Artiste_79","Album_66","Hip-Hop",,131,"23/01/2020",1,0
"C_00161","Titre_Aleatoire_161","Musique","Artiste_96","Album_63","Rock",,294,"28/08/2020",1,0
"C_00162","Titre_Aleatoire_162","Musique","Artiste_75","Album_81","Hip-Hop",,345,"16/07/2019",0,1
"C_00163","Titre_Aleatoire_163","Musique","Artiste_11","Album_72","Pop",,217,"29/04/2013",0,1
"C_00164","Titre_Aleatoire_164","Musique","Artiste_49","Album_27","Hip-Hop",,174,"17/06/2020",1,0
"C_00165","Titre_Aleatoire_165","Musique","Artiste_81","Album_42","Rock",,297,"24/04/2019",1,1
"C_00166","Titre_Aleatoire_166","Musique","Artiste_21","Album_53","Pop",,267,"05/04/2015",0,1
"C_00167","Titre_Aleatoire_167","Podcast","Artiste_2","Album_33","Hip-Hop",,121,"20/06/2020",1,0
"C_00168","Titre_Aleatoire_168","Musique","Artiste_70","Album_5","Hip-Hop",,245,"22/05/2017",0,1
"C_00169","Titre_Aleatoire_169","Podcast","Artiste_11","Album_71","Hip-Hop",,294,"07/01/2014",1,1
"C_00170","Titre_Aleatoire_170","Musique","Artiste_30","Album_46","Pop",,217,"04/04/2017",0,1
"C_00171","Titre_Aleatoire_171","Musique","Artiste_77","Album_98","Pop",,145,"12/06/2013",1,0
"C_00172","Titre_Aleatoire_172","Musique","Artiste_63","Album_42","Hip-Hop",,354,"03/08/2016",0,0
"C_00173","Titre_Aleatoire_173","Musique","Artiste_2","Album_38","Hip-Hop",,370,"01/02/2017",0,0
"C_00174","Titre_Aleatoire_174","Musique","Artiste_88","Album_93","Pop",,277,"09/07/2018",1,1
"C_00175","Titre_Aleatoire_175","Musique","Artiste_76","Album_38","Pop",,208,"27/08/2016",0,0
"C_00176","Titre_Aleatoire_176","Musique","Artiste_60","Album_21","Hip-Hop",,181,"28/05/2017",0,1
"C_00177","Titre_Aleatoire_177","Musique","Artiste_55","Album_14","Hip-Hop",,187,"23/01/2012",0,0
"C_00178","Titre_Aleatoire_178","Musique","Artiste_9","Album_3","Pop",,230,"16/06/2010",0,0
"C_00179","Titre_Aleatoire_179","Musique","Artiste_91","Album_97","Hip-Hop",,240,"05/10/2020",1,0
"C_00180","Titre_Aleatoire_180","Musique","Artiste_86","Album_75","Hip-Hop",,309,"20/05/2015",0,0
"C_00181","Titre_Aleatoire_181","Musique","Artiste_88","Album_95","Hip-Hop",,356,"04/08/2012",0,1
"C_00182","Titre_Aleatoire_182","Musique","Artiste_37","Album_67","Rock",,232,"25/01/2020",1,0
"C_00183","Titre_Aleatoire_183","Musique","Artiste_61","Album_44","Hip-Hop",,224,"17/01/2016",0,0
"C_00184","Titre_Aleatoire_184","Musique","Artiste_52","Album_74","Pop",,289,"18/04/2010",0,1
"C_00185","Titre_Aleatoire_185","Podcast","Artiste_21","Album_23","Pop",,324,"21/06/2013",0,0
"C_00186","Titre_Aleatoire_186","Musique","Artiste_84","Album_77","Hip-Hop",,155,"24/04/2019",0,0
"C_00187","Titre_Aleatoire_187","Musique","Artiste_26","Album_45","Pop",,138,"13/09/2020",0,0
"C_00188","Titre_Aleatoire_188","Musique","Artiste_39","Album_94","Rock",,144,"24/11/2017",0,0
"C_00189","Titre_Aleatoire_189","Musique","Artiste_65","Album_12","Rock",,275,"06/02/2013",1,1
"C_00190","Titre_Aleatoire_190","Podcast","Artiste_68","Album_4","Hip-Hop",,382,"08/02/2010",1,1
"C_00191","Titre_Aleatoire_191","Podcast","Artiste_32","Album_15","Hip-Hop",,293,"30/03/2012",1,0
"C_00192","Titre_Aleatoire_192","Musique","Artiste_82","Album_11","Pop",,241,"30/05/2014",1,1
"C_00193","Titre_Aleatoire_193","Musique","Artiste_1","Album_40","Pop",,397,"26/04/2015",1,0
"C_00194","Titre_Aleatoire_194","Musique","Artiste_28","Album_25","Hip-Hop",,311,"19/07/2019",0,0
"C_00195","Titre_Aleatoire_195","Podcast","Artiste_95","Album_5","Rock",,264,"18/08/2016",1,1
"C_00196","Titre_Aleatoire_196","Musique","Artiste_14","Album_13","Rock",,370,"20/04/2015",0,0
"C_00197","Titre_Aleatoire_197","Podcast","Artiste_9","Album_55","Pop",,337,"01/08/2014",1,0
"C_00198","Titre_Aleatoire_198","Musique","Artiste_89","Album_38","Rock",,373,"20/08/2010",0,0
"C_00199","Titre_Aleatoire_199","Musique","Artiste_30","Album_19","Hip-Hop",,386,"07/11/2012",0,0
"C_00200","Titre_Aleatoire_200","Podcast","Artiste_99","Album_93","Rock",,288,"09/11/2010",0,0
"C_00201","Titre_Aleatoire_201","Musique","Artiste_65","Album_68","Hip-Hop",,331,"03/12/2015",0,1
"C_00202","Titre_Aleatoire_202","Musique","Artiste_71","Album_86","Hip-Hop",,153,"31/10/2014",1,0
"C_00203","Titre_Aleatoire_203","Musique","Artiste_32","Album_13","Hip-Hop",,172,"28/10/2017",1,1
"C_00204","Titre_Aleatoire_204","Musique","Artiste_69","Album_13","Hip-Hop",,129,"23/06/2016",0,1
"C_00205","Titre_Aleatoire_205","Podcast","Artiste_11","Album_62","Pop",,242,"11/03/2014",1,1
"C_00206","Titre_Aleatoire_206","Musique","Artiste_43","Album_51","Rock",,326,"10/12/2016",1,0
"C_00207","Titre_Aleatoire_207","Musique","Artiste_25","Album_89","Hip-Hop",,216,"04/10/2013",1,1
"C_00208","Titre_Aleatoire_208","Musique","Artiste_3","Album_33","Pop",,351,"29/04/2015",1,1
"C_00209","Titre_Aleatoire_209","Musique","Artiste_3","Album_53","Pop",,124,"31/03/2020",1,0
"C_00210","Titre_Aleatoire_210","Musique","Artiste_80","Album_68","Hip-Hop",,165,"18/11/2020",1,1
"C_00211","Titre_Aleatoire_211","Musique","Artiste_20","Album_75","Hip-Hop",,144,"12/03/2020",0,1
"C_00212","Titre_Aleatoire_212","Musique","Artiste_64","Album_18","Rock",,155,"17/09/2016",1,1
"C_00213","Titre_Aleatoire_213","Musique","Artiste_66","Album_29","Pop",,125,"27/08/2017",0,0
"C_00214","Titre_Aleatoire_214","Podcast","Artiste_50","Album_87","Rock",,303,"12/10/2015",1,0
"C_00215","Titre_Aleatoire_215","Musique","Artiste_88","Album_67","Hip-Hop",,130,"28/03/2017",0,1
"C_00216","Titre_Aleatoire_216","Musique","Artiste_27","Album_38","Rock",,176,"05/02/2014",0,1
"C_00217","Titre_Aleatoire_217","Musique","Artiste_58","Album_91","Hip-Hop",,347,"26/11/2018",1,0
"C_00218","Titre_Aleatoire_218","Musique","Artiste_30","Album_38","Hip-Hop",,257,"26/02/2019",1,0
"C_00219","Titre_Aleatoire_219","Musique","Artiste_42","Album_85","Pop",,197,"16/12/2012",0,0
"C_00220","Titre_Aleatoire_220","Musique","Artiste_36","Album_43","Hip-Hop",,230,"28/07/2018",1,1
"C_00221","Titre_Aleatoire_221","Musique","Artiste_94","Album_24","Hip-Hop",,307,"03/01/2011",0,0
"C_00222","Titre_Aleatoire_222","Musique","Artiste_4","Album_82","Pop",,341,"17/11/2010",1,0
"C_00223","Titre_Aleatoire_223","Musique","Artiste_73","Album_27","Pop",,317,"19/12/2016",1,0
"C_00224","Titre_Aleatoire_224","Musique","Artiste_68","Album_16","Rock",,169,"14/09/2010",1,1
"C_00225","Titre_Aleatoire_225","Musique","Artiste_63","Album_61","Rock",,359,"13/02/2017",0,0
"C_00226","Titre_Aleatoire_226","Musique","Artiste_20","Album_20","Rock",,123,"07/07/2017",0,1
"C_00227","Titre_Aleatoire_227","Musique","Artiste_21","Album_59","Hip-Hop",,377,"13/11/2018",1,0
"C_00228","Titre_Aleatoire_228","Musique","Artiste_48","Album_16","Rock",,247,"06/01/2019",0,0
"C_00229","Titre_Aleatoire_229","Musique","Artiste_70","Album_81","Hip-Hop",,208,"03/12/2019",0,0
"C_00230","Titre_Aleatoire_230","Musique","Artiste_45","Album_82","Rock",,296,"27/05/2018",1,0
"C_00231","Titre_Aleatoire_231","Musique","Artiste_95","Album_34","Hip-Hop",,276,"22/02/2010",0,0
"C_00232","Titre_Aleatoire_232","Musique","Artiste_31","Album_49","Rock",,152,"25/01/2019",1,1
"C_00233","Titre_Aleatoire_233","Musique","Artiste_40","Album_42","Rock",,167,"12/03/2018",0,0
"C_00234","Titre_Aleatoire_234","Musique","Artiste_4","Album_48","Rock",,156,"03/10/2018",1,0
"C_00235","Titre_Aleatoire_235","Musique","Artiste_72","Album_99","Pop",,227,"19/07/2010",1,0
"C_00236","Titre_Aleatoire_236","Musique","Artiste_24","Album_9","Hip-Hop",,259,"07/09/2018",0,0
"C_00237","Titre_Aleatoire_237","Musique","Artiste_60","Album_51","Rock",,240,"18/10/2018",0,1
"C_00238","Titre_Aleatoire_238","Musique","Artiste_55","Album_36","Rock",,141,"29/03/2010",0,0
"C_00239","Titre_Aleatoire_239","Musique","Artiste_93","Album_63","Hip-Hop",,386,"05/12/2012",0,0
"C_00240","Titre_Aleatoire_240","Musique","Artiste_90","Album_77","Hip-Hop",,176,"20/11/2019",1,0
"C_00241","Titre_Aleatoire_241","Musique","Artiste_86","Album_75","Hip-Hop",,339,"03/02/2018",1,0
"C_00242","Titre_Aleatoire_242","Musique","Artiste_54","Album_34","Pop",,363,"16/02/2017",0,0
"C_00243","Titre_Aleatoire_243","Musique","Artiste_44","Album_44","Hip-Hop",,235,"06/11/2013",0,0
"C_00244","Titre_Aleatoire_244","Musique","Artiste_81","Album_59","Pop",,289,"17/09/2018",0,1
"C_00245","Titre_Aleatoire_245","Musique","Artiste_78","Album_84","Hip-Hop",,397,"04/12/2020",0,0
"C_00246","Titre_Aleatoire_246","Musique","Artiste_1","Album_12","Pop",,218,"23/05/2018",1,0
"C_00247","Titre_Aleatoire_247","Musique","Artiste_87","Album_97","Rock",,171,"31/10/2014",0,0
"C_00248","Titre_Aleatoire_248","Musique","Artiste_35","Album_68","Rock",,370,"08/05/2011",1,1
"C_00249","Titre_Aleatoire_249","Musique","Artiste_13","Album_45","Hip-Hop",,360,"15/03/2018",0,1
"C_00250","Titre_Aleatoire_250","Musique","Artiste_97","Album_27","Hip-Hop",,248,"18/12/2010",0,1
"C_00251","Titre_Aleatoire_251","Musique","Artiste_27","Album_50","Pop",,328,"02/10/2020",0,1
"C_00252","Titre_Aleatoire_252","Musique","Artiste_37","Album_42","Rock",,283,"01/08/2012",1,0
"C_00253","Titre_Aleatoire_253","Musique","Artiste_95","Album_69","Rock",,205,"20/07/2011",0,0
"C_00254","Titre_Aleatoire_254","Musique","Artiste_72","Album_98","Hip-Hop",,225,"24/10/2014",0,0
"C_00255","Titre_Aleatoire_255","Musique","Artiste_49","Album_97","Hip-Hop",,352,"01/09/2011",0,0
"C_00256","Titre_Aleatoire_256","Musique","Artiste_76","Album_50","Pop",,388,"29/01/2018",0,0
"C_00257","Titre_Aleatoire_257","Musique","Artiste_51","Album_11","Pop",,258,"02/06/2014",1,1
"C_00258","Titre_Aleatoire_258","Musique","Artiste_15","Album_15","Hip-Hop",,283,"09/08/2011",0,1
"C_00430","Titre_Aleatoire_430","Podcast","Artiste_1","Album_3","Hip-Hop",,151,"29/04/2015",0,0
"C_00431","Titre_Aleatoire_431","Musique","Artiste_72","Album_24","Pop",,299,"21/06/2019",0,0
"C_00432","Titre_Aleatoire_432","Musique","Artiste_65","Album_55","Rock",,127,"09/07/2019",1,0
"C_00433","Titre_Aleatoire_433","Musique","Artiste_28","Album_16","Pop",,247,"09/01/2019",0,1
"C_00434","Titre_Aleatoire_434","Podcast","Artiste_27","Album_59","Hip-Hop",,183,"15/05/2015",0,0
"C_00435","Titre_Aleatoire_435","Musique","Artiste_65","Album_72","Pop",,215,"12/10/2018",0,1
"C_00436","Titre_Aleatoire_436","Musique","Artiste_41","Album_92","Hip-Hop",,223,"10/11/2018",0,1
"C_00437","Titre_Aleatoire_437","Musique","Artiste_94","Album_7","Pop",,269,"06/04/2018",1,1
"C_00438","Titre_Aleatoire_438","Podcast","Artiste_73","Album_27","Rock",,342,"14/08/2018",0,0
"C_00439","Titre_Aleatoire_439","Musique","Artiste_21","Album_47","Rock",,316,"21/02/2016",0,0
"C_00440","Titre_Aleatoire_440","Musique","Artiste_40","Album_76","Pop",,168,"23/04/2019",0,1
"C_00441","Titre_Aleatoire_441","Musique","Artiste_3","Album_92","Hip-Hop",,311,"08/01/2015",0,1
"C_00442","Titre_Aleatoire_442","Musique","Artiste_9","Album_30","Hip-Hop",,151,"23/07/2010",0,0
"C_00443","Titre_Aleatoire_443","Musique","Artiste_81","Album_47","Rock",,294,"26/12/2015",0,1
"C_00444","Titre_Aleatoire_444","Musique","Artiste_56","Album_36","Hip-Hop",,293,"26/06/2015",0,1
"C_00445","Titre_Aleatoire_445","Musique","Artiste_72","Album_63","Pop",,356,"17/02/2018",1,0
"C_00446","Titre_Aleatoire_446","Musique","Artiste_18","Album_35","Rock",,363,"28/06/2020",1,0
"C_00447","Titre_Aleatoire_447","Musique","Artiste_56","Album_92","Hip-Hop",,208,"11/06/2015",0,0
"C_00448","Titre_Aleatoire_448","Podcast","Artiste_55","Album_87","Rock",,169,"07/05/2014",1,0
"C_00449","Titre_Aleatoire_449","Podcast","Artiste_76","Album_70","Hip-Hop",,259,"17/05/2016",0,1
"C_00450","Titre_Aleatoire_450","Musique","Artiste_85","Album_32","Hip-Hop",,182,"03/04/2016",1,0
"C_00451","Titre_Aleatoire_451","Musique","Artiste_23","Album_76","Hip-Hop",,315,"01/12/2017",0,1
"C_00452","Titre_Aleatoire_452","Musique","Artiste_63","Album_92","Hip-Hop",,172,"08/04/2016",1,0
"C_00453","Titre_Aleatoire_453","Musique","Artiste_15","Album_93","Rock",,309,"03/12/2016",0,1
"C_00454","Titre_Aleatoire_454","Musique","Artiste_66","Album_50","Pop",,199,"07/10/2012",1,0
"C_00455","Titre_Aleatoire_455","Musique","Artiste_89","Album_77","Pop",,212,"23/05/2013",0,0
"C_00456","Titre_Aleatoire_456","Musique","Artiste_18","Album_16","Hip-Hop",,303,"16/05/2014",0,0
"C_00457","Titre_Aleatoire_457","Musique","Artiste_44","Album_1","Rock",,326,"20/03/2012",0,0
"C_00458","Titre_Aleatoire_458","Musique","Artiste_55","Album_88","Pop",,365,"09/04/2014",0,1
"C_00459","Titre_Aleatoire_459","Musique","Artiste_90","Album_24","Rock",,196,"07/04/2011",0,0
"C_00460","Titre_Aleatoire_460","Musique","Artiste_29","Album_62","Pop",,262,"27/04/2011",1,0
"C_00461","Titre_Aleatoire_461","Musique","Artiste_70","Album_67","Hip-Hop",,144,"30/07/2017",1,0
"C_00462","Titre_Aleatoire_462","Musique","Artiste_21","Album_81","Hip-Hop",,225,"20/01/2017",0,0
"C_00463","Titre_Aleatoire_463","Musique","Artiste_35","Album_28","Hip-Hop",,250,"26/05/2017",0,1
"C_00464","Titre_Aleatoire_464","Musique","Artiste_50","Album_14","Pop",,183,"13/05/2016",1,0
"C_00465","Titre_Aleatoire_465","Musique","Artiste_52","Album_26","Rock",,350,"03/08/2019",1,1
"C_00466","Titre_Aleatoire_466","Musique","Artiste_42","Album_88","Hip-Hop",,152,"26/05/2014",1,1
"C_00467","Titre_Aleatoire_467","Musique","Artiste_67","Album_35","Rock",,165,"23/10/2013",0,1
"C_00468","Titre_Aleatoire_468","Musique","Artiste_79","Album_53","Rock",,141,"20/02/2010",0,1
"C_00469","Titre_Aleatoire_469","Musique","Artiste_20","Album_40","Pop",,159,"20/02/2020",1,1
"C_00470","Titre_Aleatoire_470","Musique","Artiste_19","Album_19","Rock",,331,"16/09/2018",1,0
"C_00471","Titre_Aleatoire_471","Musique","Artiste_49","Album_58","Rock",,297,"15/11/2019",0,0
"C_00472","Titre_Aleatoire_472","Musique","Artiste_90","Album_87","Hip-Hop",,218,"09/11/2018",1,1
"C_00473","Titre_Aleatoire_473","Musique","Artiste_55","Album_18","Hip-Hop",,390,"11/03/2017",1,0
"C_00474","Titre_Aleatoire_474","Musique","Artiste_61","Album_40","Pop",,384,"17/04/2010",1,1
"C_00475","Titre_Aleatoire_475","Podcast","Artiste_82","Album_66","Pop",,290,"08/11/2013",0,0
"C_00476","Titre_Aleatoire_476","Musique","Artiste_20","Album_32","Pop",,317,"06/06/2018",0,1
"C_00477","Titre_Aleatoire_477","Musique","Artiste_43","Album_22","Rock",,160,"23/08/2010",1,1
"C_00478","Titre_Aleatoire_478","Podcast","Artiste_5","Album_30","Rock",,322,"19/08/2020",0,0
"C_00479","Titre_Aleatoire_479","Musique","Artiste_42","Album_86","Hip-Hop",,144,"07/03/2014",1,1
"C_00480","Titre_Aleatoire_480","Musique","Artiste_43","Album_8","Pop",,376,"08/06/2010",1,0
"C_00481","Titre_Aleatoire_481","Podcast","Artiste_18","Album_69","Hip-Hop",,358,"18/09/2017",1,0
"C_00482","Titre_Aleatoire_482","Musique","Artiste_80","Album_98","Rock",,365,"13/08/2015",1,0
"C_00483","Titre_Aleatoire_483","Musique","Artiste_76","Album_32","Hip-Hop",,396,"10/06/2015",0,0
"C_00484","Titre_Aleatoire_484","Musique","Artiste_73","Album_64","Rock",,290,"27/01/2013",0,1
"C_00485","Titre_Aleatoire_485","Musique","Artiste_99","Album_8","Hip-Hop",,248,"09/03/2020",0,1
"C_00486","Titre_Aleatoire_486","Musique","Artiste_24","Album_24","Rock",,376,"29/07/2012",0,1
"C_00487","Titre_Aleatoire_487","Musique","Artiste_51","Album_39","Rock",,265,"27/05/2015",0,1
"C_00488","Titre_Aleatoire_488","Musique","Artiste_22","Album_7","Rock",,258,"01/06/2020",1,0
"C_00489","Titre_Aleatoire_489","Musique","Artiste_29","Album_82","Pop",,174,"02/01/2012",0,0
"C_00490","Titre_Aleatoire_490","Musique","Artiste_13","Album_87","Pop",,173,"15/08/2020",1,0
"C_00491","Titre_Aleatoire_491","Musique","Artiste_45","Album_28","Rock",,372,"09/05/2011",0,1
"C_00492","Titre_Aleatoire_492","Musique","Artiste_32","Album_37","Rock",,292,"04/02/2018",1,1
"C_00493","Titre_Aleatoire_493","Musique","Artiste_60","Album_73","Hip-Hop",,129,"26/04/2010",0,1
"C_00494","Titre_Aleatoire_494","Musique","Artiste_19","Album_66","Rock",,262,"21/03/2010",0,1
"C_00495","Titre_Aleatoire_495","Musique","Artiste_11","Album_40","Hip-Hop",,157,"09/03/2016",1,0
"C_00496","Titre_Aleatoire_496","Musique","Artiste_9","Album_36","Rock",,330,"13/02/2020",1,1
"C_00497","Titre_Aleatoire_497","Podcast","Artiste_22","Album_50","Rock",,233,"20/02/2016",1,0
"C_00498","Titre_Aleatoire_498","Podcast","Artiste_69","Album_35","Pop",,295,"08/07/2013",0,0
"C_00499","Titre_Aleatoire_499","Musique","Artiste_87","Album_99","Rock",,267,"02/06/2020",0,1
"C_00500","Titre_Aleatoire_500","Musique","Artiste_41","Album_61","Rock",,314,"01/10/2016",0,1

500 lignes selectionnees.

SQL> SET MARKUP CSV OFF;
SQL> SET MARKUP CSV ON;
SQL> SPOOL utilisateurs.csv;
