SQL> SELECT * FROM Utilisateur_Dimension_Complet;

"ID_UTILISATEUR","DATE_NAISSANCE","PAYS_INSCRIPTION","DATE_INSCRIPTION","PSEUDONYME","TRANCHE_AGE_CALCULEE","GENRE_DECLARE","TYPE_ABONNEMENT"
"U_00001","11/11/2000","France","24/10/2016","User_mRFwMdsc","18-24","Homme","Premium"
"U_00003","15/11/1976","France","28/03/2019","User_XfdTKIbS","18-24","Homme","Premium"
"U_00023","11/01/1991","France","25/10/2020","User_gsScXpad","18-24","Femme","Premium"
"U_00026","11/12/2010","France","05/01/2018","User_hEbgfXap","18-24","Femme","Premium"
"U_00027","13/05/1990","France","12/07/2017","User_qCymXIBZ","18-24","Non-binaire","Premium"
"U_00030","03/05/1999","France","13/02/2020","User_xtIsfGaM","18-24","Femme","Premium"
"U_00035","15/01/1975","France","17/01/2023","User_nzDxDJVn","18-24","Femme","Premium"
"U_00038","29/07/1970","France","22/08/2021","User_FemUlnyj","25-34","Homme","Premium"
"U_00039","11/10/1991","France","19/05/2021","User_EykjBZTf","18-24","Femme","Premium"
"U_00048","16/06/1987","France","28/03/2017","User_JXbzvxbF","18-24","Femme","Free"
"U_00050","04/06/1977","France","17/07/2020","User_FTQYwTJZ","25-34","Homme","Premium"
"U_00054","21/05/2008","France","31/01/2020","User_CvxxQHnD","18-24","Non-binaire","Premium"
"U_00061","18/02/1970","France","01/11/2018","User_fHcleIfM","18-24","Femme","Premium"
"U_00074","27/08/1997","France","01/06/2016","User_rssHIKid","25-34","Non-binaire","Premium"
"U_00076","12/02/1982","France","21/08/2018","User_fhGOuBTa","18-24","Femme","Premium"
"U_00089","12/06/1971","France","24/06/2021","User_fxHEEySs","25-34","Homme","Premium"
"U_00099","05/07/1978","France","17/07/2020","User_ZfOAzuJV","18-24","Femme","Premium"
"U_00100","25/09/1975","France","15/11/2022","User_yfnyvfbs","18-24","Femme","Premium"
"U_00112","03/06/2003","France","25/02/2019","User_PYQCfaRZ","25-34","Femme","Premium"
"U_00120","16/07/1995","France","04/09/2018","User_KtICuXLi","18-24","Femme","Premium"
"U_00136","23/11/1994","France","08/02/2016","User_VVRYGdih","25-34","Femme","Premium"
"U_00150","12/12/1986","France","01/01/2017","User_cMTjcJBm","25-34","Homme","Premium"
"U_00162","17/07/2006","France","12/01/2017","User_HzuKrWiO","25-34","Femme","Premium"
"U_00167","28/01/1997","France","30/04/2021","User_AvqZSiVu","25-34","Non-binaire","Premium"
"U_00168","06/12/1991","France","17/10/2015","User_gpgmvGay","18-24","Homme","Free"
"U_00169","18/09/2008","France","03/07/2021","User_TgEZSCks","18-24","Non-binaire","Premium"
"U_00176","07/09/1981","France","11/12/2016","User_xzumSaRf","25-34","Non-binaire","Premium"
"U_00178","22/03/2003","France","11/04/2015","User_KHVFFXsQ","25-34","Femme","Free"
"U_00180","28/09/2009","France","01/07/2021","User_oIkYBWmU","18-24","Non-binaire","Free"
"U_00191","19/08/1976","France","28/02/2021","User_prnZEKFD","25-34","Femme","Premium"
"U_00205","15/05/1972","France","18/07/2015","User_PRHyaiia","25-34","Non-binaire","Premium"
"U_00212","01/10/2002","France","31/08/2017","User_oPmwTKZm","25-34","Non-binaire","Premium"
"U_00221","17/10/2001","France","24/10/2022","User_oKlaVNTL","18-24","Non-binaire","Free"
"U_00222","04/06/1999","France","03/05/2022","User_WKCngvmo","18-24","Non-binaire","Free"
"U_00228","22/11/1993","France","06/02/2018","User_YirlGrwC","25-34","Homme","Premium"
"U_00229","24/07/1994","France","27/04/2022","User_flsaLpdR","18-24","Non-binaire","Premium"
"U_00231","16/09/1976","France","09/09/2020","User_TWRBRczT","25-34","Homme","Free"
"U_00237","03/06/1980","France","15/02/2018","User_svsFcIzk","18-24","Homme","Premium"
"U_00240","12/03/1984","France","03/10/2016","User_ZvnwZBqF","25-34","Homme","Premium"
"U_00246","22/04/2008","France","13/09/2020","User_HEeMsiOK","25-34","Femme","Free"
"U_00247","29/02/1996","France","27/10/2022","User_jrOnYsYk","18-24","Femme","Free"
"U_00260","25/08/1979","France","09/06/2017","User_YpEaQkwP","25-34","Femme","Premium"
"U_00264","25/11/1972","France","28/01/2015","User_JwmGYfyW","18-24","Non-binaire","Premium"
"U_00271","08/11/1970","France","19/02/2022","User_BMSGRkXX","18-24","Homme","Premium"
"U_00273","01/12/1991","France","09/01/2018","User_OhZxxdLi","18-24","Femme","Premium"
"U_00275","08/09/1983","France","16/02/2019","User_lifRwUnu","18-24","Femme","Premium"
"U_00279","08/03/1991","France","27/06/2019","User_sCJbMaWz","25-34","Femme","Premium"
"U_00282","09/04/2001","France","20/09/2022","User_dqrJWGUk","25-34","Femme","Free"
"U_00284","13/11/1999","France","22/09/2019","User_YYtTJPmI","25-34","Femme","Premium"
"U_00307","04/11/1981","France","23/10/2015","User_FIYsxfwe","18-24","Non-binaire","Premium"
"U_00322","27/02/1977","France","16/02/2018","User_WWgOtmep","18-24","Femme","Premium"
"U_00341","09/02/1990","France","15/05/2020","User_mxdeIxOv","25-34","Femme","Premium"
"U_00356","11/01/2004","France","25/09/2020","User_JvzeCJYg","25-34","Femme","Premium"
"U_00359","24/09/2006","France","16/01/2020","User_XTYtrNBF","25-34","Non-binaire","Premium"
"U_00368","27/12/1995","France","11/04/2015","User_dCdbXBrR","18-24","Non-binaire","Premium"
"U_00387","26/07/1970","France","05/02/2020","User_LbswQqeE","25-34","Homme","Free"
"U_00393","29/11/1979","France","23/11/2022","User_NxppEiqz","18-24","Femme","Premium"
"U_00406","09/10/2007","France","18/12/2017","User_keegXLDO","18-24","Femme","Free"
"U_00408","25/04/2005","France","21/08/2016","User_oqspyVjw","18-24","Femme","Premium"
"U_00420","15/05/1991","France","01/06/2019","User_cwNdKWlO","18-24","Femme","Premium"
"U_00430","09/01/1986","France","25/09/2016","User_UFrdRfIV","25-34","Homme","Premium"
"U_00439","03/04/1979","France","04/03/2018","User_wWbDgGCM","18-24","Femme","Premium"
"U_00441","02/10/2001","France","08/11/2016","User_qFewqnWM","18-24","Homme","Premium"
"U_00447","28/03/1984","France","03/02/2023","User_hAUYDzBG","25-34","Femme","Free"
"U_00463","29/04/1971","France","21/12/2020","User_eiAgRhaf","25-34","Femme","Premium"
"U_00465","03/07/1993","France","27/11/2015","User_ALbWmqMO","25-34","Homme","Premium"
"U_00471","13/06/1986","France","28/07/2017","User_vOKYdUXW","25-34","Femme","Premium"
"U_00484","24/06/1994","France","08/08/2017","User_CcGdccNj","25-34","Femme","Premium"
"U_00491","15/10/1994","France","02/03/2023","User_kvSmheta","18-24","Femme","Free"
"U_00498","03/07/1999","France","06/08/2017","User_JkaYxpOa","25-34","Homme","Premium"
"U_00501","28/06/1988","France","02/10/2018","User_lVZBkaxX","25-34","Femme","Free"
"U_00508","26/12/1972","France","23/12/2016","User_BklavuUn","25-34","Femme","Free"
"U_00512","27/06/2001","France","24/04/2020","User_GqXlYJSW","18-24","Femme","Premium"
"U_00532","26/06/2001","France","26/04/2018","User_KSsKrzqB","18-24","Femme","Premium"
"U_00545","18/07/1999","France","21/01/2019","User_dDMfltQa","18-24","Non-binaire","Premium"
"U_00561","29/05/1977","France","27/01/2022","User_xOhpWGFU","25-34","Non-binaire","Premium"
"U_00569","26/08/2005","France","11/06/2017","User_FwPsjXxt","18-24","Non-binaire","Premium"
"U_00575","31/07/1975","France","11/10/2015","User_KmChUqkt","18-24","Femme","Premium"
"U_00577","15/03/1999","France","30/09/2022","User_dhUNhtgi","25-34","Non-binaire","Premium"
"U_00578","30/05/1975","France","21/04/2019","User_PZwFdLCb","18-24","Non-binaire","Premium"
"U_00603","22/01/1993","France","30/08/2021","User_yvBKQJEY","18-24","Homme","Premium"
"U_00606","31/07/1993","France","10/01/2020","User_KgDldcHW","18-24","Femme","Premium"
"U_00618","15/02/2006","France","02/11/2016","User_AMSTrliD","18-24","Homme","Premium"
"U_00620","13/08/1983","France","17/03/2017","User_gheyGCXg","25-34","Homme","Free"
"U_00628","21/08/1988","France","25/01/2017","User_KpDYNWnc","18-24","Femme","Premium"
"U_00629","17/04/1972","France","14/04/2017","User_vkjDjWvn","18-24","Femme","Premium"
"U_00630","20/07/1975","France","19/05/2019","User_rLBAiZBe","25-34","Femme","Premium"
"U_00639","15/06/1983","France","17/07/2022","User_SKaSjNKf","18-24","Femme","Free"
"U_00640","08/05/1972","France","30/01/2022","User_vsuYfnTU","18-24","Homme","Premium"
"U_00649","16/11/1993","France","30/12/2015","User_SbubWvyw","18-24","Homme","Premium"
"U_00654","26/05/2004","France","23/08/2015","User_SRsrjzPV","18-24","Femme","Premium"
"U_00671","29/11/1978","France","11/12/2015","User_GDmjPjES","25-34","Homme","Premium"
"U_00672","24/08/2003","France","13/12/2020","User_MuZmCBKo","25-34","Femme","Premium"
"U_00682","22/08/1995","France","23/03/2018","User_lKolhfus","18-24","Femme","Free"
"U_00685","24/03/1993","France","03/09/2020","User_JNSeIEBi","18-24","Femme","Premium"
"U_00696","08/10/2001","France","31/01/2019","User_dlIHsjYD","18-24","Homme","Free"
"U_00712","11/02/2004","France","25/02/2017","User_AufcFsom","18-24","Non-binaire","Premium"
"U_00714","03/07/1981","France","09/06/2017","User_DfmxYFLk","18-24","Femme","Free"
"U_00724","10/11/2003","France","22/07/2019","User_xMXKFFxA","25-34","Femme","Premium"
"U_00740","25/04/2010","France","18/11/2016","User_TiHcanAR","18-24","Femme","Premium"
"U_00744","10/10/2004","France","26/03/2015","User_ZZcGsvXm","18-24","Femme","Free"
"U_00754","02/11/2010","France","15/07/2016","User_hLtjMadf","18-24","Femme","Premium"
"U_00761","14/07/2009","France","18/10/2019","User_cEAokRuU","25-34","Femme","Premium"
"U_00772","18/07/1970","France","15/01/2017","User_RXTMpumS","25-34","Femme","Premium"
"U_00781","22/01/1997","France","27/02/2022","User_LOrZexmE","25-34","Non-binaire","Premium"
"U_00805","14/05/1977","France","12/10/2022","User_nHLhnhiv","25-34","Homme","Premium"
"U_00817","31/12/2002","France","01/01/2020","User_SuFsqZjg","18-24","Femme","Premium"
"U_00821","23/12/2003","France","17/12/2016","User_hPgdkHFo","18-24","Homme","Premium"
"U_00825","07/04/1990","France","20/07/2018","User_ppEAtndm","25-34","Homme","Premium"
"U_00830","13/01/2004","France","19/08/2019","User_iDcNAPFE","25-34","Homme","Premium"
"U_00837","28/04/2007","France","06/10/2016","User_TMqMbogI","25-34","Femme","Free"
"U_00849","29/02/2004","France","08/08/2016","User_ddxvsytm","25-34","Homme","Premium"
"U_00866","21/04/2003","France","23/07/2021","User_AlnkAtKS","18-24","Non-binaire","Premium"
"U_00868","08/09/1974","France","23/10/2015","User_CoekCpRr","18-24","Homme","Free"
"U_00877","16/04/2006","France","25/03/2020","User_RLuPwtqr","18-24","Non-binaire","Premium"
"U_00883","02/06/1994","France","17/08/2021","User_CjPGoEvK","25-34","Homme","Free"
"U_00887","14/06/1984","France","29/09/2019","User_uGSKFdhZ","18-24","Non-binaire","Premium"
"U_00898","06/01/1973","France","02/08/2022","User_CKdQQLOE","25-34","Non-binaire","Premium"
"U_00901","21/08/1970","France","14/11/2020","User_tKBcSuCL","25-34","Homme","Premium"
"U_00911","03/02/1979","France","05/08/2015","User_PdKBUREP","25-34","Femme","Free"
"U_00912","31/03/1978","France","13/10/2021","User_SlSkDgQD","25-34","Homme","Premium"
"U_00913","07/08/1983","France","23/02/2016","User_EJJafzlJ","25-34","Homme","Premium"
"U_00914","14/06/1998","France","15/08/2017","User_WSiLPJXB","18-24","Femme","Premium"
"U_00919","09/03/1997","France","10/09/2018","User_zzeGlDsh","25-34","Femme","Premium"
"U_00921","16/11/2006","France","17/06/2016","User_OblkagTb","25-34","Homme","Premium"
"U_00941","08/05/1994","France","23/12/2017","User_mSaNtXvM","18-24","Femme","Free"
"U_00942","08/02/1971","France","29/07/2015","User_OReiyQNk","18-24","Non-binaire","Premium"
"U_00968","04/09/1977","France","26/08/2020","User_zrArfQHs","18-24","Homme","Premium"
"U_00978","22/01/1978","France","30/01/2020","User_KAvVaMGd","18-24","Homme","Premium"
"U_00981","05/06/1970","France","08/07/2018","User_cYRuaPBQ","18-24","Homme","Premium"
"U_00983","05/04/1984","France","18/02/2020","User_fZcntRwp","25-34","Femme","Premium"
"U_00986","15/02/1987","France","02/04/2020","User_yImGkMeH","18-24","Homme","Premium"
"U_00991","27/03/1978","France","18/09/2015","User_VjwOVgrr","18-24","Femme","Premium"
"U_00995","10/09/2002","France","20/10/2018","User_llzwEgBC","18-24","Homme","Premium"
"U_00002","19/09/2000","Espagne","21/07/2021","User_ESdVfmJw","18-24","Femme","Premium"
"U_00004","26/01/2000","Espagne","29/12/2019","User_XabWcytc","25-34","Homme","Premium"
"U_00006","10/09/1998","Espagne","24/09/2015","User_BRKkYxSC","18-24","Non-binaire","Premium"
"U_00007","07/11/1985","Espagne","22/05/2016","User_qUfwUXKC","25-34","Femme","Premium"
"U_00008","20/09/1991","Espagne","11/11/2020","User_MzKnEZkv","18-24","Non-binaire","Premium"
"U_00011","21/07/2009","Espagne","26/11/2016","User_cgFlJAnO","25-34","Femme","Premium"
"U_00012","27/09/1972","Espagne","22/04/2022","User_dBjJatfM","25-34","Homme","Premium"
"U_00017","27/11/2007","Espagne","05/01/2016","User_FetzOlSF","18-24","Homme","Premium"
"U_00046","19/01/1972","Espagne","30/12/2022","User_UdQhvjKs","18-24","Femme","Premium"
"U_00049","11/11/1995","Espagne","25/09/2020","User_ixVhnXIg","25-34","Femme","Free"
"U_00057","26/11/2007","Espagne","24/05/2019","User_PVQOdFVt","18-24","Homme","Premium"
"U_00063","01/03/1980","Espagne","05/08/2018","User_nydFfRJZ","25-34","Femme","Premium"
"U_00064","13/05/1983","Espagne","20/07/2016","User_jiCeiaoT","18-24","Femme","Premium"
"U_00075","08/07/1990","Espagne","05/06/2019","User_TiBXhlmo","25-34","Non-binaire","Premium"
"U_00080","08/07/2007","Espagne","02/04/2016","User_uDgtonBT","25-34","Homme","Premium"
"U_00083","27/01/2006","Espagne","17/04/2016","User_IszXToyt","18-24","Non-binaire","Free"
"U_00084","10/01/1987","Espagne","03/12/2019","User_gVHPWMHi","25-34","Homme","Premium"
"U_00086","04/10/1982","Espagne","22/07/2015","User_SYJLxUib","25-34","Femme","Premium"
"U_00093","03/08/1982","Espagne","18/12/2021","User_hDKFEYGP","25-34","Non-binaire","Free"
"U_00094","02/08/1980","Espagne","18/06/2020","User_sIEefWRf","25-34","Homme","Premium"
"U_00096","22/02/2003","Espagne","13/04/2021","User_vCdUmNSh","18-24","Non-binaire","Free"
"U_00106","04/06/2007","Espagne","14/10/2021","User_vyKiERvk","25-34","Femme","Premium"
"U_00109","07/10/1985","Espagne","03/05/2022","User_bMwsGclJ","18-24","Femme","Premium"
"U_00110","31/03/1976","Espagne","07/11/2015","User_BqyxOhDg","18-24","Femme","Premium"
"U_00115","13/06/1976","Espagne","05/11/2021","User_MGRwZOeq","18-24","Femme","Premium"
"U_00118","29/01/1987","Espagne","25/05/2017","User_wnjuveuv","18-24","Homme","Premium"
"U_00121","14/04/1990","Espagne","16/12/2019","User_leukliGU","25-34","Femme","Premium"
"U_00122","21/05/1984","Espagne","26/06/2021","User_bonEfvHo","18-24","Homme","Premium"
"U_00123","04/10/1991","Espagne","17/02/2017","User_YZEkWhKD","25-34","Non-binaire","Premium"
"U_00124","26/07/1978","Espagne","02/12/2019","User_jpmWemov","25-34","Femme","Premium"
"U_00129","26/03/2010","Espagne","13/01/2017","User_WTiteDWs","18-24","Femme","Premium"
"U_00133","29/09/1983","Espagne","01/12/2020","User_ofGMCOyK","25-34","Femme","Premium"
"U_00137","20/12/1971","Espagne","18/04/2020","User_JEOebLCf","18-24","Femme","Premium"
"U_00141","16/01/1994","Espagne","31/01/2019","User_bgoXYKzO","18-24","Femme","Free"
"U_00147","07/02/1970","Espagne","15/03/2018","User_CGZzkzKh","18-24","Homme","Premium"
"U_00148","14/08/1994","Espagne","21/01/2019","User_HZYMFmop","18-24","Homme","Premium"
"U_00149","18/02/1986","Espagne","15/02/2019","User_LjNplytp","18-24","Femme","Premium"
"U_00151","25/06/1988","Espagne","10/12/2021","User_zTvjYXVN","25-34","Homme","Premium"
"U_00152","02/07/1995","Espagne","26/06/2021","User_cZaPBIfr","18-24","Femme","Premium"
"U_00153","11/12/1991","Espagne","21/02/2023","User_hIyNlPJE","18-24","Non-binaire","Premium"
"U_00156","19/11/2009","Espagne","07/06/2015","User_dQuwguPZ","25-34","Femme","Premium"
"U_00163","19/11/2006","Espagne","07/02/2017","User_YqvZkcYQ","25-34","Homme","Premium"
"U_00175","28/04/1985","Espagne","18/02/2017","User_pXQxppmw","25-34","Homme","Premium"
"U_00177","17/08/1973","Espagne","24/06/2021","User_GyNqCksp","18-24","Homme","Premium"
"U_00182","12/09/1991","Espagne","20/01/2016","User_uEMABfqA","18-24","Homme","Premium"
"U_00186","22/05/2008","Espagne","31/03/2015","User_zKSQcmLX","25-34","Femme","Premium"
"U_00187","21/11/1974","Espagne","04/02/2021","User_aKFXymEM","25-34","Femme","Premium"
"U_00202","23/04/1973","Espagne","04/05/2017","User_TKuwKUyz","25-34","Homme","Premium"
"U_00204","27/12/2007","Espagne","30/05/2015","User_WLCtKSmd","18-24","Non-binaire","Premium"
"U_00213","11/09/2008","Espagne","08/04/2020","User_SOQWJlkQ","18-24","Femme","Premium"
"U_00215","04/05/1978","Espagne","12/06/2017","User_WFQenLOl","18-24","Femme","Premium"
"U_00216","05/06/1972","Espagne","05/05/2022","User_uIIPyrRy","25-34","Femme","Premium"
"U_00219","18/06/1976","Espagne","07/06/2022","User_bkJsCKOu","25-34","Homme","Premium"
"U_00220","10/12/2003","Espagne","20/07/2016","User_AnjxhbyX","18-24","Femme","Premium"
"U_00232","16/01/1988","Espagne","17/02/2021","User_JfJjybMY","25-34","Femme","Premium"
"U_00241","30/11/1997","Espagne","24/03/2022","User_ZZtToINw","25-34","Homme","Premium"
"U_00242","30/05/2000","Espagne","21/05/2022","User_tqKiAVvu","25-34","Femme","Premium"
"U_00244","12/02/1997","Espagne","17/01/2016","User_jSsBoGXG","25-34","Femme","Free"
"U_00248","16/05/1999","Espagne","08/12/2022","User_kOclVlyN","18-24","Non-binaire","Premium"
"U_00249","16/08/2004","Espagne","09/12/2022","User_puXhKmke","25-34","Femme","Premium"
"U_00257","08/07/1970","Espagne","30/06/2017","User_ZZuFjngK","25-34","Femme","Free"
"U_00258","24/04/1980","Espagne","24/06/2016","User_NDemxkQP","25-34","Homme","Premium"
"U_00261","19/12/1993","Espagne","04/09/2017","User_JXnSPhnt","18-24","Femme","Free"
"U_00265","18/04/1985","Espagne","11/02/2021","User_CiAvxvsb","25-34","Femme","Premium"
"U_00266","05/07/1974","Espagne","13/06/2017","User_XIPGZMfN","25-34","Non-binaire","Premium"
"U_00268","28/05/1983","Espagne","03/11/2022","User_nkVfKhKe","18-24","Homme","Premium"
"U_00272","15/02/1972","Espagne","15/11/2018","User_SxuqlBeF","18-24","Homme","Premium"
"U_00277","21/05/1988","Espagne","26/10/2019","User_PPuOKiaE","25-34","Femme","Premium"
"U_00287","24/12/1995","Espagne","25/05/2020","User_ggLHEYie","25-34","Femme","Premium"
"U_00291","06/10/1974","Espagne","14/05/2015","User_XbJlpSqB","18-24","Homme","Premium"
"U_00292","07/10/1987","Espagne","18/12/2018","User_MGqwREFE","25-34","Non-binaire","Premium"
"U_00300","04/08/1988","Espagne","03/01/2021","User_ZCsBwKZX","18-24","Femme","Premium"
"U_00301","12/09/2007","Espagne","05/06/2018","User_TjTLncxe","25-34","Homme","Free"
"U_00303","09/02/2005","Espagne","04/06/2015","User_UnlSausv","25-34","Homme","Premium"
"U_00306","29/10/1970","Espagne","04/05/2020","User_qFWxtiDd","18-24","Femme","Premium"
"U_00309","09/03/1986","Espagne","20/02/2021","User_lvsmNHYP","25-34","Femme","Premium"
"U_00311","10/01/1999","Espagne","04/05/2016","User_AhZUOKLF","18-24","Homme","Premium"
"U_00315","15/06/1988","Espagne","04/11/2022","User_ThEewwfF","18-24","Femme","Free"
"U_00317","30/11/1973","Espagne","06/07/2018","User_jUztpOao","25-34","Homme","Premium"
"U_00326","12/10/1976","Espagne","25/03/2022","User_qjDRXcHm","25-34","Femme","Premium"
"U_00330","14/02/1972","Espagne","23/04/2019","User_eZHpGNQD","25-34","Femme","Premium"
"U_00339","08/04/1992","Espagne","02/09/2018","User_LvuUcAWR","25-34","Non-binaire","Premium"
"U_00349","07/03/2009","Espagne","24/07/2021","User_aaVYZXzA","25-34","Non-binaire","Premium"
"U_00353","09/02/1976","Espagne","09/06/2017","User_QJNLVhHO","25-34","Non-binaire","Premium"
"U_00363","29/05/2005","Espagne","08/03/2019","User_WYbwcYhf","18-24","Non-binaire","Premium"
"U_00366","09/11/1978","Espagne","27/09/2020","User_cTgZMIxm","18-24","Femme","Premium"
"U_00367","21/08/1985","Espagne","06/08/2017","User_cpzCimqW","25-34","Femme","Premium"
"U_00376","09/01/1989","Espagne","16/01/2018","User_jnZgIRmI","25-34","Homme","Premium"
"U_00388","26/10/1977","Espagne","10/07/2016","User_kKmwmVcz","18-24","Non-binaire","Premium"
"U_00392","25/12/1973","Espagne","02/05/2019","User_caPuwzOg","25-34","Homme","Premium"
"U_00395","05/10/2010","Espagne","23/11/2021","User_stCNCdAL","25-34","Homme","Free"
"U_00398","09/07/2008","Espagne","29/07/2016","User_RkwkZNyW","25-34","Non-binaire","Premium"
"U_00403","01/05/1994","Espagne","20/05/2017","User_SdwtewPm","18-24","Femme","Premium"
"U_00413","10/12/1974","Espagne","15/07/2015","User_ejzLIGTB","18-24","Femme","Premium"
"U_00415","06/06/1991","Espagne","15/05/2018","User_RlXdiWiP","18-24","Femme","Premium"
"U_00416","20/05/2004","Espagne","28/10/2021","User_LBvdHMsN","25-34","Homme","Free"
"U_00417","04/04/1990","Espagne","21/08/2022","User_ehlmJcob","18-24","Homme","Premium"
"U_00421","21/07/1982","Espagne","13/07/2019","User_VtCwcqMo","25-34","Non-binaire","Free"
"U_00424","08/04/1994","Espagne","01/11/2016","User_HetnttxR","25-34","Homme","Free"
"U_00428","23/06/1984","Espagne","11/07/2016","User_aDstdTwQ","18-24","Homme","Premium"
"U_00436","19/07/1990","Espagne","15/04/2019","User_xdDlmkRy","25-34","Femme","Premium"
"U_00454","18/04/1986","Espagne","29/06/2022","User_TSQRAqGO","25-34","Femme","Premium"
"U_00458","13/02/1981","Espagne","25/11/2015","User_bsciTLzS","25-34","Homme","Premium"
"U_00459","31/10/1979","Espagne","07/03/2019","User_ybJezaCr","18-24","Femme","Premium"
"U_00468","19/06/1996","Espagne","17/05/2019","User_BoNYWVyZ","18-24","Homme","Premium"
"U_00476","07/07/1976","Espagne","09/08/2019","User_hUgnJUIK","18-24","Femme","Premium"
"U_00478","18/12/1974","Espagne","27/04/2021","User_jLYJnOGF","25-34","Non-binaire","Premium"
"U_00485","16/12/2005","Espagne","03/03/2017","User_slsImYjl","25-34","Non-binaire","Premium"
"U_00497","16/08/2008","Espagne","08/12/2017","User_oUtgbXWK","25-34","Femme","Premium"
"U_00506","25/01/1992","Espagne","18/07/2021","User_vxIIjyvj","18-24","Femme","Premium"
"U_00507","20/10/1992","Espagne","14/12/2019","User_yCLOrnWS","25-34","Non-binaire","Premium"
"U_00509","14/03/2002","Espagne","23/04/2018","User_XKpijHym","25-34","Femme","Free"
"U_00510","27/02/2008","Espagne","16/10/2016","User_CxUYRZee","25-34","Non-binaire","Premium"
"U_00511","22/11/1979","Espagne","13/07/2018","User_cucFEhNB","18-24","Homme","Free"
"U_00514","28/09/1986","Espagne","12/01/2022","User_FFgVBEFt","25-34","Femme","Premium"
"U_00517","28/12/1978","Espagne","09/01/2020","User_eHwQQIqa","25-34","Non-binaire","Premium"
"U_00519","05/12/1971","Espagne","19/09/2017","User_MoKDpmbW","25-34","Homme","Free"
"U_00520","09/07/1995","Espagne","14/10/2020","User_sDPovHxJ","25-34","Non-binaire","Premium"
"U_00529","18/10/1970","Espagne","09/06/2020","User_NunIIYpJ","25-34","Femme","Free"
"U_00533","01/03/2000","Espagne","20/08/2020","User_SJiEuQrZ","18-24","Femme","Premium"
"U_00537","07/10/1979","Espagne","13/07/2015","User_sZSPbAdZ","25-34","Femme","Free"
"U_00546","01/09/1992","Espagne","17/03/2019","User_pfHwtjzF","25-34","Homme","Premium"
"U_00547","24/09/1990","Espagne","16/09/2020","User_QNbTkIYg","25-34","Femme","Free"
"U_00548","03/03/1973","Espagne","29/09/2021","User_oUNIbRCW","25-34","Femme","Free"
"U_00562","01/05/2000","Espagne","15/08/2015","User_VRdgRhjT","18-24","Homme","Premium"
"U_00563","03/08/1991","Espagne","21/01/2020","User_MFPsiOSH","25-34","Homme","Premium"
"U_00568","10/01/2004","Espagne","09/02/2020","User_alHOfFAy","25-34","Homme","Free"
"U_00579","13/07/1983","Espagne","11/11/2020","User_bNaJMCVC","25-34","Homme","Premium"
"U_00580","19/04/1979","Espagne","13/11/2015","User_zfkvKizQ","25-34","Femme","Free"
"U_00582","01/10/1978","Espagne","04/08/2015","User_pLhMVeVH","25-34","Non-binaire","Premium"
"U_00583","05/01/2000","Espagne","17/06/2022","User_hVfKKuaS","25-34","Femme","Premium"
"U_00584","01/12/1980","Espagne","06/04/2015","User_tocnkgbp","18-24","Femme","Premium"
"U_00588","14/10/1977","Espagne","27/06/2018","User_ETEfsmaQ","18-24","Homme","Premium"
"U_00591","04/09/1976","Espagne","12/09/2020","User_fwQNfdXS","18-24","Homme","Premium"
"U_00595","24/03/1986","Espagne","28/12/2017","User_EeoGTgqm","18-24","Femme","Premium"
"U_00597","28/12/1976","Espagne","22/07/2017","User_hfZzktwa","25-34","Homme","Premium"
"U_00600","19/09/2006","Espagne","09/12/2020","User_WuuyqtEj","25-34","Femme","Premium"
"U_00601","15/09/1997","Espagne","18/05/2019","User_HrQZnZVe","18-24","Homme","Premium"
"U_00602","26/07/1983","Espagne","16/05/2018","User_PXAcGMvc","25-34","Femme","Premium"
"U_00613","16/06/1973","Espagne","14/05/2019","User_dtkBdJvD","18-24","Non-binaire","Premium"
"U_00616","16/01/1971","Espagne","06/11/2021","User_pxMQVodl","18-24","Femme","Free"
"U_00621","18/08/1976","Espagne","21/11/2020","User_USmrYAuM","18-24","Homme","Free"
"U_00622","19/07/2002","Espagne","20/08/2017","User_VhISQhoR","18-24","Femme","Premium"
"U_00623","04/03/1972","Espagne","23/04/2019","User_WPbIpWvR","25-34","Homme","Premium"
"U_00632","23/11/1993","Espagne","08/01/2020","User_odentatE","25-34","Femme","Free"
"U_00634","09/11/1995","Espagne","25/03/2018","User_NOfJIslt","25-34","Non-binaire","Premium"
"U_00638","18/08/1979","Espagne","19/03/2022","User_GsArXyoi","25-34","Homme","Premium"
"U_00646","06/02/1986","Espagne","19/12/2018","User_DywbUSeG","25-34","Homme","Premium"
"U_00657","02/03/2009","Espagne","21/08/2022","User_tHbOVrYY","25-34","Femme","Premium"
"U_00658","16/09/1970","Espagne","26/01/2019","User_CqUBcUDh","25-34","Non-binaire","Premium"
"U_00659","16/03/2005","Espagne","27/01/2016","User_MoZSjdsF","18-24","Non-binaire","Premium"
"U_00660","02/11/1973","Espagne","30/06/2017","User_WLHRvhGQ","18-24","Femme","Free"
"U_00667","07/08/2000","Espagne","15/08/2020","User_ZzaXVMGh","18-24","Homme","Premium"
"U_00669","05/06/1995","Espagne","19/01/2020","User_RWJBaEVo","18-24","Homme","Premium"
"U_00675","27/08/2002","Espagne","08/02/2019","User_crqdvonl","18-24","Non-binaire","Premium"
"U_00689","02/11/1972","Espagne","24/10/2015","User_roZOawkP","25-34","Femme","Premium"
"U_00691","02/09/1990","Espagne","27/04/2021","User_UHaOuKOj","25-34","Non-binaire","Premium"
"U_00697","21/11/2005","Espagne","17/09/2015","User_YDVDzAwl","18-24","Homme","Premium"
"U_00700","29/10/2010","Espagne","03/04/2020","User_SZOVWfIe","18-24","Non-binaire","Premium"
"U_00701","25/09/1985","Espagne","24/10/2015","User_tudWbdCe","18-24","Homme","Premium"
"U_00704","21/05/1972","Espagne","12/03/2022","User_NzvBipkG","18-24","Homme","Free"
"U_00705","02/12/1990","Espagne","24/02/2019","User_AYgGrHBT","18-24","Femme","Premium"
"U_00716","13/10/1986","Espagne","08/10/2019","User_GsSRvPPK","25-34","Femme","Premium"
"U_00718","08/11/1971","Espagne","21/01/2016","User_aSduBDFC","18-24","Femme","Premium"
"U_00725","16/06/1979","Espagne","02/06/2018","User_GMaLOUGo","25-34","Femme","Premium"
"U_00728","08/01/1999","Espagne","04/01/2021","User_CyOUEcSH","25-34","Femme","Premium"
"U_00730","01/02/1979","Espagne","07/11/2021","User_PqXJhgKr","18-24","Homme","Free"
"U_00733","16/08/1985","Espagne","26/04/2019","User_isdTjtve","25-34","Femme","Premium"
"U_00735","16/03/1997","Espagne","21/05/2017","User_RCuEokSd","18-24","Femme","Premium"
"U_00738","31/03/1983","Espagne","16/04/2015","User_lCasacVN","25-34","Non-binaire","Premium"
"U_00739","21/03/1989","Espagne","21/02/2015","User_juqXcLXY","18-24","Non-binaire","Premium"
"U_00743","30/12/1985","Espagne","29/07/2015","User_BGwFpepF","18-24","Femme","Premium"
"U_00746","10/05/1993","Espagne","12/03/2023","User_DzcvYNye","18-24","Non-binaire","Premium"
"U_00748","06/06/1985","Espagne","01/10/2019","User_sYbmbnlH","18-24","Non-binaire","Premium"
"U_00749","15/09/1990","Espagne","25/01/2017","User_VrcrtgVH","18-24","Homme","Premium"
"U_00750","02/07/2001","Espagne","02/11/2017","User_ZsGWGdvg","25-34","Femme","Premium"
"U_00751","13/10/1997","Espagne","12/05/2022","User_AJbJhbHy","18-24","Non-binaire","Free"
"U_00755","29/01/1989","Espagne","09/10/2020","User_NkfLUmkc","25-34","Non-binaire","Premium"
"U_00760","05/10/2002","Espagne","11/03/2015","User_EFPGazkR","25-34","Non-binaire","Premium"
"U_00764","17/03/2007","Espagne","10/03/2015","User_HdwjtPbd","18-24","Femme","Premium"
"U_00765","08/10/1980","Espagne","04/03/2016","User_laUPgapc","25-34","Femme","Premium"
"U_00770","07/06/1985","Espagne","18/04/2015","User_RTSwCUAY","18-24","Homme","Premium"
"U_00771","24/01/1985","Espagne","02/12/2016","User_aYrnmhzH","25-34","Homme","Premium"
"U_00773","23/12/1974","Espagne","03/06/2021","User_QRnKnhQv","18-24","Femme","Premium"
"U_00779","13/02/1997","Espagne","04/11/2015","User_fcfrlLdC","18-24","Homme","Premium"
"U_00780","11/04/1975","Espagne","30/06/2021","User_NTveItMl","25-34","Homme","Free"
"U_00782","30/08/1989","Espagne","04/03/2018","User_ZDmqRszB","18-24","Homme","Premium"
"U_00785","19/04/1986","Espagne","18/05/2017","User_kAJWMBbq","25-34","Femme","Free"
"U_00790","18/11/1972","Espagne","03/07/2020","User_EroYasNj","18-24","Homme","Premium"
"U_00791","22/07/1984","Espagne","28/09/2021","User_SjfoPRLb","25-34","Femme","Free"
"U_00796","27/06/2002","Espagne","24/10/2021","User_tOTMBfsx","18-24","Homme","Premium"
"U_00797","10/08/2004","Espagne","22/03/2016","User_gvmhkYkv","25-34","Femme","Premium"
"U_00800","16/07/2010","Espagne","07/11/2017","User_jSbeYGPt","18-24","Femme","Premium"
"U_00801","10/02/1986","Espagne","05/02/2017","User_wWIpvwFU","18-24","Femme","Free"
"U_00806","19/06/1999","Espagne","07/01/2015","User_ZHdLSSNK","25-34","Homme","Premium"
"U_00807","17/11/1972","Espagne","17/01/2016","User_pHMltdTm","18-24","Femme","Premium"
"U_00808","30/06/2000","Espagne","24/04/2017","User_mFGZTmVS","25-34","Homme","Premium"
"U_00809","24/08/1987","Espagne","24/02/2016","User_SldouhEj","18-24","Non-binaire","Premium"
"U_00811","03/03/2005","Espagne","10/12/2019","User_PvFPcZCV","25-34","Homme","Premium"
"U_00818","17/07/1975","Espagne","07/05/2018","User_KYxqXFPl","18-24","Femme","Free"
"U_00820","13/05/1996","Espagne","27/10/2016","User_vqokNdxQ","25-34","Non-binaire","Premium"
"U_00823","01/04/1979","Espagne","30/01/2022","User_EwuFqbCj","18-24","Femme","Premium"
"U_00828","21/01/2007","Espagne","06/11/2021","User_BjuqTwTf","25-34","Femme","Premium"
"U_00832","07/02/2007","Espagne","29/01/2016","User_xnCjcnhk","25-34","Non-binaire","Premium"
"U_00836","05/03/1988","Espagne","29/07/2018","User_HcwxkclO","25-34","Homme","Premium"
"U_00839","07/10/1994","Espagne","10/05/2019","User_UyUwvVXR","18-24","Non-binaire","Premium"
"U_00842","03/08/1983","Espagne","29/11/2018","User_YoyMUCAG","25-34","Non-binaire","Premium"
"U_00843","17/08/2003","Espagne","18/03/2022","User_xKebbvNR","18-24","Non-binaire","Premium"
"U_00848","13/07/1993","Espagne","17/11/2015","User_TZaclElP","18-24","Femme","Free"
"U_00859","03/01/1985","Espagne","11/05/2017","User_SliavHGA","25-34","Homme","Premium"
"U_00864","23/06/1984","Espagne","28/05/2019","User_TEBQMotw","25-34","Femme","Premium"
"U_00865","02/04/1970","Espagne","05/03/2019","User_avVqQpKW","25-34","Homme","Free"
"U_00869","10/10/1982","Espagne","05/03/2016","User_DTEQGhPZ","18-24","Femme","Free"
"U_00870","07/05/1999","Espagne","04/01/2018","User_GzMGRctC","25-34","Homme","Premium"
"U_00872","26/07/2005","Espagne","20/03/2021","User_DnvREmdU","25-34","Homme","Premium"
"U_00873","23/06/1995","Espagne","28/05/2015","User_OHNjFVyu","25-34","Femme","Premium"
"U_00880","08/06/1990","Espagne","15/02/2023","User_oYCZeCYy","18-24","Non-binaire","Premium"
"U_00892","21/11/2009","Espagne","23/01/2020","User_iLdQXsdj","25-34","Homme","Premium"
"U_00893","16/11/1997","Espagne","16/08/2015","User_WhMeWlVi","18-24","Femme","Free"
"U_00895","02/02/1997","Espagne","08/10/2019","User_FPveMXVu","25-34","Femme","Premium"
"U_00899","25/03/1996","Espagne","27/05/2016","User_ZkgZlwTF","25-34","Femme","Premium"
"U_00906","25/08/1972","Espagne","28/04/2019","User_bfDFNJuK","25-34","Homme","Premium"
"U_00909","24/05/1978","Espagne","31/01/2021","User_xCBMAxuw","25-34","Femme","Free"
"U_00910","06/07/2010","Espagne","03/09/2022","User_TmpTbXse","18-24","Non-binaire","Premium"
"U_00915","16/03/1979","Espagne","09/02/2017","User_IlWNZqPd","18-24","Homme","Premium"
"U_00922","15/02/1993","Espagne","03/08/2018","User_jHWfvcVr","18-24","Femme","Free"
"U_00932","07/11/1999","Espagne","10/07/2019","User_lktxbdNf","25-34","Homme","Premium"
"U_00933","23/04/1989","Espagne","25/06/2020","User_pfOLZOah","25-34","Femme","Premium"
"U_00936","05/11/1994","Espagne","07/12/2020","User_zEcCItkf","18-24","Femme","Premium"
"U_00939","22/07/2001","Espagne","04/02/2015","User_ydVvQYgm","25-34","Femme","Premium"
"U_00947","09/06/1981","Espagne","17/07/2022","User_LDQkUzEJ","18-24","Homme","Premium"
"U_00949","16/10/1975","Espagne","31/01/2022","User_aNjCfQuV","25-34","Homme","Premium"
"U_00954","06/02/1991","Espagne","23/03/2018","User_qHUlphbR","18-24","Non-binaire","Premium"
"U_00958","16/03/2009","Espagne","20/05/2019","User_Suaxmubf","18-24","Femme","Premium"
"U_00962","10/04/1983","Espagne","06/11/2017","User_jSqzHMuT","18-24","Homme","Premium"
"U_00963","04/03/1977","Espagne","08/12/2017","User_YVuUXKWJ","25-34","Homme","Free"
"U_00970","08/01/2005","Espagne","16/01/2016","User_HkpXRxnb","18-24","Non-binaire","Premium"
"U_00971","07/02/1984","Espagne","31/05/2015","User_GZnAipdK","18-24","Femme","Free"
"U_00972","16/08/2009","Espagne","28/12/2016","User_YXshzWXh","18-24","Homme","Premium"
"U_00975","30/06/1975","Espagne","26/04/2017","User_zNVKjlvt","18-24","Femme","Premium"
"U_00977","10/01/2003","Espagne","09/09/2020","User_RgRsfzAL","25-34","Homme","Premium"
"U_00985","08/05/1992","Espagne","21/07/2016","User_yMFoeDcU","18-24","Homme","Free"
"U_00987","11/11/1978","Espagne","26/08/2022","User_lxVPIuOF","18-24","Femme","Free"
"U_00988","09/02/1982","Espagne","15/03/2018","User_ikxYvhgd","25-34","Homme","Premium"
"U_00990","28/07/1971","Espagne","28/11/2015","User_EaAuPFWI","18-24","Femme","Premium"
"U_00996","15/04/1980","Espagne","15/10/2019","User_FNudaFtx","25-34","Non-binaire","Premium"
"U_00997","21/05/1992","Espagne","17/07/2018","User_dMPeGtmK","25-34","Femme","Premium"
"U_00998","04/04/2000","Espagne","11/12/2015","User_LhKBzINK","25-34","Femme","Premium"
"U_01000","12/04/1995","Espagne","08/02/2021","User_rEfjjlvd","18-24","Femme","Premium"
"U_00005","16/02/1988","USA","04/09/2021","User_KXVBYGQM","25-34","Femme","Premium"
"U_00009","01/06/1996","USA","17/11/2016","User_aGhtmcJU","25-34","Homme","Free"
"U_00014","16/05/1976","USA","02/06/2017","User_wvMyATDe","25-34","Femme","Premium"
"U_00016","22/03/2010","USA","29/04/2018","User_RWprKRiJ","25-34","Femme","Premium"
"U_00018","16/10/1991","USA","15/10/2018","User_VSUBvjig","25-34","Femme","Premium"
"U_00029","17/04/1982","USA","09/09/2021","User_tXWTZGnB","18-24","Femme","Free"
"U_00031","20/07/1980","USA","03/04/2017","User_YuxPxLjm","25-34","Femme","Premium"
"U_00036","13/03/2001","USA","13/04/2017","User_VWUUWgdK","25-34","Femme","Premium"
"U_00037","25/08/2002","USA","16/04/2015","User_PwCrQvZb","18-24","Femme","Free"
"U_00040","03/07/1988","USA","03/03/2017","User_MgjptKqX","18-24","Non-binaire","Premium"
"U_00041","22/04/1995","USA","22/02/2016","User_sAYMJqgM","18-24","Non-binaire","Premium"
"U_00044","08/09/1993","USA","24/05/2015","User_JszXGDyj","25-34","Homme","Free"
"U_00056","25/10/1980","USA","07/11/2016","User_WBmQIlQh","18-24","Homme","Premium"
"U_00058","27/07/1975","USA","17/05/2018","User_VcUJFliB","25-34","Homme","Premium"
"U_00059","18/02/2006","USA","19/04/2017","User_yfIPyyxD","18-24","Femme","Free"
"U_00060","01/04/1993","USA","18/05/2015","User_HXdNlqvq","25-34","Homme","Free"
"U_00065","29/07/1976","USA","16/09/2020","User_rweqjLSv","25-34","Non-binaire","Free"
"U_00067","12/12/1991","USA","03/04/2017","User_QZAVDfQU","18-24","Homme","Premium"
"U_00068","20/12/2006","USA","03/02/2018","User_WjqkgaZf","25-34","Homme","Premium"
"U_00070","22/04/1990","USA","14/05/2018","User_pvxbXfhW","18-24","Femme","Premium"
"U_00078","09/10/1994","USA","01/06/2016","User_aNLSIjWj","25-34","Homme","Premium"
"U_00081","14/02/1993","USA","17/11/2016","User_TPOBfjMT","18-24","Femme","Premium"
"U_00085","12/01/1988","USA","22/11/2019","User_KZrFSFNG","18-24","Femme","Premium"
"U_00087","22/08/1971","USA","15/12/2019","User_qyXkfEuD","25-34","Homme","Premium"
"U_00092","29/06/1987","USA","20/02/2019","User_CIwhMpkM","18-24","Non-binaire","Premium"
"U_00098","28/04/1979","USA","22/01/2021","User_SVRUIqyu","25-34","Non-binaire","Premium"
"U_00102","11/10/1974","USA","22/02/2019","User_xxaFdowf","18-24","Femme","Premium"
"U_00103","21/10/1991","USA","31/10/2020","User_hAlpUYOC","18-24","Homme","Free"
"U_00104","27/10/1986","USA","09/08/2021","User_VlZpFiLG","18-24","Homme","Premium"
"U_00113","05/06/2004","USA","07/08/2015","User_VYESHYpJ","25-34","Femme","Premium"
"U_00116","29/03/1994","USA","24/01/2023","User_xWWvXMOK","18-24","Homme","Premium"
"U_00119","16/09/1980","USA","05/08/2016","User_kFNKszTG","18-24","Femme","Premium"
"U_00126","15/05/2010","USA","03/10/2021","User_jqexbPhF","25-34","Homme","Premium"
"U_00128","18/09/2010","USA","11/09/2020","User_KNdVeaVv","18-24","Femme","Premium"
"U_00135","03/06/2006","USA","18/03/2023","User_GDYjnjik","18-24","Femme","Free"
"U_00138","24/07/2002","USA","26/03/2018","User_ejIvrBmE","18-24","Femme","Premium"
"U_00142","24/04/1985","USA","21/03/2015","User_vcFRyAtJ","18-24","Homme","Premium"
"U_00143","16/01/2008","USA","09/03/2018","User_QGjhqKmz","18-24","Non-binaire","Free"
"U_00146","01/12/1987","USA","01/03/2023","User_pjEDhLJE","18-24","Non-binaire","Premium"
"U_00158","17/11/2003","USA","04/02/2015","User_fAgbpCXk","18-24","Homme","Premium"
"U_00159","16/02/1993","USA","04/04/2020","User_cWolTiDN","25-34","Femme","Premium"
"U_00160","09/01/1984","USA","30/11/2017","User_xXZQGAkj","18-24","Non-binaire","Premium"
"U_00161","06/07/2003","USA","17/05/2019","User_mhAIFWkF","18-24","Femme","Premium"
"U_00166","13/06/2000","USA","12/12/2020","User_LqdFzOFn","18-24","Non-binaire","Premium"
"U_00173","03/12/1977","USA","14/09/2016","User_RAvseXTl","18-24","Homme","Premium"
"U_00194","23/07/1972","USA","10/01/2019","User_QcSwXjWT","25-34","Non-binaire","Premium"
"U_00196","31/12/2001","USA","02/09/2017","User_vdGKCvoU","25-34","Non-binaire","Premium"
"U_00197","07/12/1994","USA","14/07/2021","User_UkcTUAOc","18-24","Non-binaire","Free"
"U_00199","05/02/2002","USA","06/06/2018","User_ZdoVoiXm","18-24","Non-binaire","Premium"
"U_00201","10/06/2003","USA","26/01/2022","User_ooGRSZZN","25-34","Non-binaire","Premium"
"U_00210","02/04/1973","USA","04/07/2016","User_cViTthlk","25-34","Homme","Premium"
"U_00217","09/08/1989","USA","06/04/2021","User_vHVtBJqM","25-34","Femme","Premium"
"U_00223","06/12/2002","USA","17/07/2017","User_qyYficlg","25-34","Femme","Premium"
"U_00227","06/01/1989","USA","13/03/2019","User_OfOoqgIr","25-34","Homme","Free"
"U_00230","25/01/1990","USA","25/10/2018","User_SnwQBmMz","25-34","Non-binaire","Premium"
"U_00233","07/09/1990","USA","30/04/2019","User_vxwnESAg","18-24","Non-binaire","Premium"
"U_00235","25/03/2001","USA","12/01/2019","User_csYxQGLO","25-34","Femme","Premium"
"U_00236","24/09/1985","USA","29/06/2020","User_CekUIDLY","18-24","Non-binaire","Free"
"U_00238","11/01/1983","USA","02/11/2022","User_rcYqfsJF","18-24","Femme","Free"
"U_00245","05/08/2010","USA","20/01/2020","User_GMxuILgT","25-34","Homme","Free"
"U_00250","11/06/2003","USA","02/09/2018","User_TzYmXvjz","25-34","Femme","Premium"
"U_00253","10/04/1992","USA","05/01/2015","User_IJVrAHpX","25-34","Femme","Premium"
"U_00254","25/05/1988","USA","14/03/2018","User_koLRYgCl","25-34","Femme","Premium"
"U_00255","22/09/1983","USA","08/01/2015","User_kWtQUGjl","25-34","Femme","Free"
"U_00259","24/11/1990","USA","23/11/2018","User_kHIKCeui","25-34","Non-binaire","Premium"
"U_00263","06/09/1984","USA","02/10/2020","User_TIDFLQBN","18-24","Homme","Premium"
"U_00267","17/04/2005","USA","02/03/2017","User_fTkOkGwz","18-24","Homme","Premium"
"U_00274","25/11/1984","USA","11/03/2015","User_PCihcgNP","18-24","Homme","Premium"
"U_00276","06/07/1990","USA","12/05/2017","User_rEQhoRgE","25-34","Femme","Premium"
"U_00285","23/07/1980","USA","18/02/2015","User_HcYFUuap","18-24","Non-binaire","Premium"
"U_00286","05/01/2001","USA","29/06/2022","User_Hfseqdxe","25-34","Femme","Premium"
"U_00288","19/03/1974","USA","02/11/2022","User_CunKzCNR","18-24","Homme","Premium"
"U_00298","15/09/1975","USA","17/05/2016","User_RHhqUSGj","18-24","Non-binaire","Premium"
"U_00302","14/09/2008","USA","01/02/2019","User_cssIbdcJ","18-24","Femme","Premium"
"U_00305","30/11/1994","USA","12/08/2022","User_OgxlPWpj","25-34","Femme","Free"
"U_00310","24/05/1993","USA","15/10/2019","User_gIlcxiJy","18-24","Femme","Premium"
"U_00312","24/03/1997","USA","02/03/2021","User_yUdfLzAd","25-34","Non-binaire","Premium"
"U_00313","01/05/1974","USA","26/06/2015","User_WsYxmxgM","18-24","Femme","Free"
"U_00316","14/06/1987","USA","13/05/2018","User_PfKCNFaA","25-34","Homme","Premium"
"U_00319","07/09/1984","USA","28/10/2020","User_ABgAFtJw","25-34","Homme","Free"
"U_00323","30/03/1981","USA","05/06/2021","User_GbYRKAdK","25-34","Non-binaire","Premium"
"U_00324","22/09/1972","USA","08/06/2017","User_FNaqDrMQ","25-34","Femme","Premium"
"U_00325","26/05/1983","USA","04/06/2021","User_ibyhaVAi","18-24","Femme","Premium"
"U_00327","15/08/2010","USA","09/09/2021","User_RMlHUPFf","18-24","Femme","Premium"
"U_00329","14/09/1983","USA","11/06/2016","User_VSvQZeaW","25-34","Homme","Premium"
"U_00332","09/04/1972","USA","20/03/2016","User_QEEnQciu","18-24","Homme","Premium"
"U_00336","02/01/1970","USA","15/01/2017","User_Agqycmdx","18-24","Non-binaire","Free"
"U_00337","10/04/1992","USA","18/05/2015","User_TaVCJlik","18-24","Femme","Premium"
"U_00342","12/07/1988","USA","29/09/2017","User_IbGOaRFR","25-34","Non-binaire","Free"
"U_00343","21/04/1978","USA","03/07/2018","User_ZIOqbwSI","25-34","Homme","Premium"
"U_00344","26/12/2001","USA","23/10/2021","User_aBNGdpVt","25-34","Femme","Premium"
"U_00348","10/01/1976","USA","14/06/2022","User_uklOdkNK","18-24","Homme","Premium"
"U_00362","22/09/1972","USA","19/09/2017","User_zbXHHlcs","18-24","Femme","Premium"
"U_00364","26/10/2003","USA","09/08/2015","User_qnkuwSZJ","18-24","Non-binaire","Premium"
"U_00365","03/07/1973","USA","29/10/2021","User_HTZNsGtG","18-24","Femme","Premium"
"U_00372","08/12/1971","USA","28/07/2017","User_PhsRCJfC","18-24","Femme","Premium"
"U_00373","03/10/1989","USA","19/10/2020","User_JEOzaBxB","18-24","Homme","Premium"
"U_00374","13/04/1996","USA","17/01/2016","User_eteiaOTt","25-34","Femme","Premium"
"U_00384","10/04/2008","USA","15/07/2016","User_XHAYIdXn","25-34","Homme","Premium"
"U_00385","09/03/1994","USA","21/07/2020","User_sCOJlCiR","18-24","Homme","Premium"
"U_00386","24/08/1981","USA","23/07/2016","User_nJxofmQM","25-34","Homme","Free"
"U_00390","15/06/1975","USA","23/11/2017","User_yPwDJJlW","25-34","Non-binaire","Premium"
"U_00399","03/09/2003","USA","09/02/2022","User_CZjuzxAT","25-34","Non-binaire","Premium"
"U_00401","31/05/1985","USA","13/09/2020","User_fvZcRYPt","25-34","Non-binaire","Free"
"U_00402","06/04/1983","USA","30/12/2017","User_MRBWnbfj","25-34","Non-binaire","Premium"
"U_00418","24/05/1985","USA","23/03/2020","User_GQRIRCwj","25-34","Homme","Premium"
"U_00425","29/03/1999","USA","26/07/2020","User_qkdiqFXV","18-24","Femme","Premium"
"U_00426","16/05/1978","USA","04/03/2021","User_yvLKmQZZ","18-24","Femme","Premium"
"U_00429","25/05/1973","USA","11/01/2021","User_cvciiieA","25-34","Femme","Free"
"U_00431","31/01/1997","USA","09/06/2020","User_eybYcARk","18-24","Homme","Premium"
"U_00435","13/09/1989","USA","11/02/2017","User_lRixVlxt","18-24","Homme","Premium"
"U_00437","12/01/1971","USA","19/01/2023","User_pFnWtiZO","18-24","Femme","Premium"
"U_00442","17/09/1977","USA","29/03/2022","User_fYTCPGsN","25-34","Homme","Free"
"U_00444","01/07/1975","USA","18/06/2019","User_pvecqbcq","25-34","Femme","Premium"
"U_00446","05/12/2009","USA","29/05/2019","User_vJFBXqOk","25-34","Femme","Premium"
"U_00450","09/11/2001","USA","13/01/2023","User_WvDIJYTE","25-34","Femme","Premium"
"U_00451","29/03/1995","USA","10/12/2015","User_bAKxQgtA","18-24","Non-binaire","Premium"
"U_00453","27/04/1984","USA","14/07/2017","User_LhrffkwR","18-24","Non-binaire","Premium"
"U_00455","24/08/1995","USA","02/09/2019","User_yFiUzSsj","18-24","Femme","Premium"
"U_00460","04/06/2006","USA","08/01/2016","User_GNaeGLWD","18-24","Femme","Premium"
"U_00461","28/12/1975","USA","17/12/2019","User_yocOKwol","25-34","Femme","Free"
"U_00462","29/04/2002","USA","14/06/2015","User_NRNtvSne","18-24","Homme","Premium"
"U_00473","07/03/1975","USA","26/07/2022","User_xDMQmhgj","25-34","Non-binaire","Free"
"U_00479","02/11/1992","USA","06/08/2017","User_REShCExP","18-24","Homme","Premium"
"U_00481","20/04/2003","USA","02/08/2015","User_bvVRLOVe","18-24","Homme","Premium"
"U_00488","13/10/1995","USA","14/11/2018","User_NoZpLtWZ","18-24","Femme","Premium"
"U_00492","05/05/1989","USA","26/10/2020","User_DNoqumLN","18-24","Femme","Free"
"U_00493","16/11/1973","USA","08/12/2022","User_oJEaRvop","25-34","Homme","Premium"
"U_00495","10/11/1984","USA","13/06/2017","User_PgjhkzJV","18-24","Homme","Premium"
"U_00499","30/04/2006","USA","10/10/2015","User_CeZTCCRi","18-24","Homme","Premium"
"U_00502","06/12/1997","USA","08/10/2019","User_gniywURP","18-24","Femme","Free"
"U_00504","22/09/1992","USA","22/01/2023","User_qswOaooS","18-24","Homme","Premium"
"U_00516","07/08/1999","USA","14/12/2020","User_etPYCIBM","25-34","Femme","Premium"
"U_00518","11/07/1975","USA","15/01/2015","User_niyJuhRN","18-24","Homme","Premium"
"U_00525","31/08/1996","USA","03/04/2019","User_jbwmiyPt","18-24","Femme","Premium"
"U_00528","17/02/1991","USA","31/03/2021","User_SoJWAMwa","25-34","Femme","Premium"
"U_00531","11/08/2005","USA","24/09/2019","User_TYsEswaJ","18-24","Femme","Premium"
"U_00536","10/03/1975","USA","25/04/2016","User_nLvmezKn","25-34","Non-binaire","Premium"
"U_00550","10/11/2000","USA","02/06/2018","User_xYUSdqwQ","25-34","Non-binaire","Premium"
"U_00551","09/11/1978","USA","16/04/2015","User_XjpqaztU","18-24","Femme","Premium"
"U_00555","11/12/2001","USA","21/03/2022","User_wTIzHiDw","25-34","Non-binaire","Premium"
"U_00557","07/04/1993","USA","26/12/2022","User_RXpXqbdC","18-24","Homme","Premium"
"U_00558","28/01/1979","USA","09/02/2019","User_tOttZLKQ","25-34","Non-binaire","Premium"
"U_00559","17/01/1989","USA","22/12/2018","User_GLUUwSdA","25-34","Femme","Premium"
"U_00564","20/03/1974","USA","08/08/2015","User_SugUdEVe","25-34","Femme","Premium"
"U_00566","22/03/1996","USA","01/11/2022","User_mkcPoJFi","18-24","Femme","Premium"
"U_00571","04/03/1995","USA","26/04/2021","User_UftMimjl","25-34","Femme","Premium"
"U_00572","23/08/2001","USA","25/12/2015","User_WCfhtzIR","18-24","Non-binaire","Premium"
"U_00576","09/03/1975","USA","03/02/2020","User_wIALYYVV","25-34","Femme","Premium"
"U_00581","18/08/1986","USA","31/07/2019","User_SKIvhtLH","25-34","Femme","Premium"
"U_00587","07/11/1983","USA","21/01/2016","User_WGLpiRhj","18-24","Femme","Premium"
"U_00589","19/06/1996","USA","29/01/2016","User_vytniOFH","25-34","Homme","Premium"
"U_00590","12/04/1975","USA","30/01/2020","User_RzjYGpCS","25-34","Homme","Premium"
"U_00593","05/02/1984","USA","28/04/2021","User_IdwOLVUw","18-24","Non-binaire","Premium"
"U_00594","26/05/2000","USA","08/10/2021","User_DiCZocDQ","25-34","Homme","Premium"
"U_00598","25/11/1987","USA","01/06/2016","User_sWyddeiL","25-34","Homme","Premium"
"U_00604","09/07/1973","USA","13/03/2015","User_TIIckolr","25-34","Femme","Premium"
"U_00605","11/12/1984","USA","25/08/2019","User_PRXQfyYQ","25-34","Femme","Premium"
"U_00607","25/09/2001","USA","28/06/2019","User_jYWwEvhD","25-34","Femme","Premium"
"U_00615","28/09/1987","USA","24/10/2015","User_wQlyoYsg","18-24","Femme","Premium"
"U_00624","13/06/2010","USA","28/10/2018","User_unckgznw","18-24","Femme","Premium"
"U_00631","07/08/1972","USA","15/07/2019","User_lyozpvzv","25-34","Homme","Premium"
"U_00642","04/02/1973","USA","04/10/2020","User_kathcnsw","25-34","Homme","Free"
"U_00650","15/08/2002","USA","25/05/2016","User_BbFmMVNT","25-34","Homme","Premium"
"U_00653","25/12/2008","USA","12/02/2019","User_eXNFPOib","18-24","Homme","Premium"
"U_00663","18/06/1982","USA","16/12/2016","User_GcqtjAMK","25-34","Femme","Premium"
"U_00666","23/09/2006","USA","11/06/2022","User_FmaEPsUA","18-24","Homme","Premium"
"U_00668","25/06/2002","USA","16/02/2022","User_XRDnPTJP","18-24","Homme","Premium"
"U_00670","21/03/1975","USA","14/05/2016","User_KTtmKXoL","25-34","Femme","Premium"
"U_00677","03/04/2001","USA","19/07/2018","User_BEIoUDYL","18-24","Femme","Premium"
"U_00678","05/09/1997","USA","09/12/2015","User_piyEPesb","25-34","Non-binaire","Premium"
"U_00679","02/09/2010","USA","11/11/2016","User_jpsuXoqv","25-34","Homme","Premium"
"U_00683","21/07/1999","USA","22/06/2019","User_imUuDJiQ","25-34","Femme","Premium"
"U_00687","12/10/2000","USA","05/07/2022","User_nrdgVQPl","18-24","Non-binaire","Premium"
"U_00695","08/03/1980","USA","16/07/2021","User_WYlonMoC","25-34","Femme","Free"
"U_00703","10/11/1973","USA","19/04/2015","User_cpcCTIlX","25-34","Homme","Free"
"U_00706","19/11/1988","USA","08/02/2022","User_xAePktdW","25-34","Non-binaire","Premium"
"U_00707","26/05/1972","USA","11/08/2015","User_cThSeDSA","18-24","Femme","Premium"
"U_00710","08/12/1972","USA","27/01/2016","User_IokJAMfs","25-34","Non-binaire","Premium"
"U_00721","21/01/1984","USA","08/01/2022","User_WGBAGvMz","25-34","Femme","Premium"
"U_00723","19/01/2011","USA","07/10/2016","User_QNMHjqoM","18-24","Femme","Premium"
"U_00726","20/05/2005","USA","04/11/2022","User_RTxdGVLS","25-34","Homme","Premium"
"U_00727","20/12/1985","USA","10/02/2023","User_FCvYWlXX","25-34","Non-binaire","Premium"
"U_00729","25/11/1978","USA","23/01/2015","User_jaIkewnm","18-24","Homme","Premium"
"U_00736","24/04/1997","USA","05/03/2020","User_PAewxCwF","25-34","Femme","Premium"
"U_00753","04/10/1999","USA","24/09/2021","User_cheiompZ","25-34","Femme","Free"
"U_00756","27/01/1981","USA","12/11/2017","User_sytmBlRE","25-34","Homme","Premium"
"U_00763","22/06/1977","USA","15/02/2015","User_auUEmqRF","25-34","Homme","Premium"
"U_00767","01/07/1979","USA","24/07/2019","User_AcsaliBw","18-24","Homme","Free"
"U_00768","13/02/1992","USA","15/08/2016","User_azNAVAuW","18-24","Femme","Premium"
"U_00769","18/07/2000","USA","18/02/2023","User_JmpEyNmv","18-24","Femme","Premium"
"U_00784","05/06/2005","USA","17/08/2015","User_KzhTQXrc","18-24","Homme","Free"
"U_00787","01/08/1979","USA","07/03/2021","User_uFcdbkRS","25-34","Non-binaire","Premium"
"U_00792","26/02/1979","USA","09/12/2022","User_NlUAerhG","25-34","Non-binaire","Premium"
"U_00794","26/08/1981","USA","06/05/2021","User_XlFzExhE","18-24","Femme","Free"
"U_00795","07/05/1989","USA","06/06/2022","User_XDBpgOoK","25-34","Non-binaire","Premium"
"U_00798","19/10/1983","USA","01/08/2018","User_vmbSNJVY","25-34","Femme","Premium"
"U_00802","13/01/1999","USA","26/04/2021","User_MtnACRTq","18-24","Femme","Premium"
"U_00803","15/09/1978","USA","25/12/2021","User_GNoJDxlR","18-24","Femme","Free"
"U_00804","12/12/1979","USA","28/10/2015","User_rbmUgRpb","25-34","Homme","Free"
"U_00812","19/12/1970","USA","11/07/2018","User_xPMaWWci","18-24","Homme","Premium"
"U_00814","15/10/1994","USA","08/05/2021","User_pSdsSKve","18-24","Femme","Premium"
"U_00815","06/07/2009","USA","02/03/2021","User_sbzcphCv","18-24","Homme","Free"
"U_00819","04/02/1976","USA","03/02/2015","User_fAwAkDXb","18-24","Non-binaire","Premium"
"U_00822","18/11/1973","USA","26/08/2018","User_imLbbKhb","25-34","Homme","Premium"
"U_00827","10/02/1979","USA","23/05/2015","User_NBsYlUuR","18-24","Homme","Premium"
"U_00835","22/08/1979","USA","06/09/2021","User_ELZJDBkE","25-34","Femme","Premium"
"U_00845","21/04/1988","USA","10/04/2021","User_KsIuhicU","18-24","Homme","Premium"
"U_00850","06/04/1990","USA","03/11/2017","User_JuKBwxDw","25-34","Femme","Premium"
"U_00851","27/09/1990","USA","20/04/2016","User_TjHDtFIB","25-34","Non-binaire","Premium"
"U_00852","02/06/2006","USA","27/10/2015","User_KOfZjoGt","18-24","Homme","Premium"
"U_00854","05/11/1994","USA","31/12/2020","User_BrOLjXzc","18-24","Homme","Premium"
"U_00860","07/01/1999","USA","29/04/2020","User_DOlquGMf","25-34","Femme","Premium"
"U_00871","02/10/1970","USA","02/12/2022","User_fUgsgkEK","18-24","Femme","Premium"
"U_00879","22/07/1979","USA","06/02/2019","User_ZUgCGNKp","18-24","Femme","Premium"
"U_00881","30/05/1987","USA","20/06/2022","User_FQMYkspI","25-34","Homme","Free"
"U_00886","06/01/1998","USA","10/05/2019","User_yGnPGHIK","18-24","Femme","Free"
"U_00890","06/11/1979","USA","09/02/2015","User_PEmbWnAd","25-34","Homme","Premium"
"U_00891","09/08/1976","USA","23/08/2016","User_JRBfYwAs","18-24","Homme","Premium"
"U_00894","05/09/1979","USA","28/09/2015","User_SZFyeuhA","25-34","Homme","Premium"
"U_00908","12/06/1995","USA","26/06/2017","User_cKhNTSgu","18-24","Homme","Free"
"U_00916","04/08/2002","USA","28/06/2020","User_jUZzyPgJ","25-34","Homme","Free"
"U_00925","15/02/1988","USA","04/08/2020","User_lbRiPIJw","18-24","Femme","Premium"
"U_00927","21/05/1995","USA","22/02/2021","User_dwUlVSrZ","25-34","Femme","Premium"
"U_00928","23/05/1983","USA","02/07/2018","User_mldcAGcK","25-34","Homme","Premium"
"U_00938","02/02/2000","USA","14/04/2016","User_dPucsDXI","18-24","Non-binaire","Premium"
"U_00940","11/10/1978","USA","02/05/2016","User_uWAaTscb","25-34","Femme","Premium"
"U_00944","16/04/1992","USA","31/01/2022","User_Wtqsibbs","25-34","Homme","Premium"
"U_00945","22/05/1995","USA","30/07/2016","User_MtGxeyXy","25-34","Femme","Premium"
"U_00946","19/07/1976","USA","09/08/2015","User_bbmHbUZT","18-24","Femme","Premium"
"U_00951","15/05/1992","USA","20/03/2016","User_dbaRsemY","18-24","Non-binaire","Premium"
"U_00952","11/07/1999","USA","27/11/2020","User_PxQrSzwa","25-34","Homme","Free"
"U_00953","30/07/1976","USA","25/10/2015","User_JHtWwqGO","25-34","Homme","Premium"
"U_00959","01/04/1970","USA","12/06/2020","User_CdmXqXTd","25-34","Femme","Premium"
"U_00960","11/11/2001","USA","03/11/2019","User_rKNRtPnP","25-34","Non-binaire","Premium"
"U_00966","06/02/2009","USA","01/06/2016","User_QnXbqfQF","25-34","Homme","Free"
"U_00967","20/09/1997","USA","07/11/2017","User_pIItENoT","25-34","Homme","Free"
"U_00973","16/03/1994","USA","05/03/2023","User_ghZDZRfJ","18-24","Homme","Premium"
"U_00974","08/04/2000","USA","15/12/2016","User_ievLzqBt","25-34","Non-binaire","Premium"
"U_00979","18/10/1994","USA","06/09/2016","User_muZDcKUz","25-34","Homme","Premium"
"U_00980","01/05/1997","USA","11/09/2016","User_khdDlvLn","25-34","Non-binaire","Premium"
"U_00982","18/06/1991","USA","13/05/2018","User_FDLtkhYL","25-34","Homme","Premium"
"U_00993","20/04/1974","USA","31/07/2017","User_HFXFXesG","18-24","Femme","Premium"
"U_00994","18/03/1982","USA","13/07/2021","User_IwIycxGV","18-24","Homme","Premium"
"U_00999","08/11/1984","USA","14/05/2017","User_gJNRRNtw","18-24","Femme","Free"
"U_00676","27/02/1971","Japon","23/10/2019","User_aLYDJQrL","18-24","Homme","Premium"
"U_00680","25/03/2007","Allemagne","24/02/2020","User_JsGZJETN","25-34","Non-binaire","Premium"
"U_00681","23/10/1981","Allemagne","17/05/2021","User_gDHBYefJ","25-34","Homme","Free"
"U_00684","04/07/2006","Allemagne","22/12/2015","User_qpeCzgYh","18-24","Femme","Premium"
"U_00686","21/09/2001","Japon","01/07/2018","User_ZkiepZeB","25-34","Femme","Premium"
"U_00688","09/04/1987","Japon","14/04/2015","User_UySUSsff","18-24","Femme","Premium"
"U_00690","31/05/2004","Japon","20/07/2019","User_vyzbsohG","18-24","Femme","Premium"
"U_00692","27/03/2007","Allemagne","01/04/2018","User_kaekOZYp","25-34","Femme","Premium"
"U_00693","02/03/1981","Japon","09/06/2019","User_XFWiqzfO","25-34","Homme","Premium"
"U_00694","08/08/1981","Japon","12/07/2015","User_MjShFIpx","18-24","Non-binaire","Free"
"U_00698","21/07/1978","Japon","01/11/2021","User_hexSjuld","18-24","Non-binaire","Premium"
"U_00699","12/05/2006","Allemagne","09/08/2017","User_thkrXViI","18-24","Femme","Free"
"U_00702","03/10/1992","Allemagne","07/11/2021","User_QtEDxRPo","18-24","Femme","Premium"
"U_00708","19/01/2007","Allemagne","30/10/2018","User_Gnkkwlrs","18-24","Femme","Premium"
"U_00709","10/05/2007","Allemagne","28/02/2020","User_KenJstsv","18-24","Homme","Premium"
"U_00711","17/03/1974","Japon","22/05/2021","User_LzdfafVW","18-24","Non-binaire","Premium"
"U_00713","30/05/2009","Japon","20/07/2020","User_xErYYkyz","18-24","Femme","Premium"
"U_00715","16/05/1977","Allemagne","23/08/2019","User_dTaZrNCE","25-34","Non-binaire","Premium"
"U_00717","24/10/1971","Allemagne","06/10/2016","User_ubSDKTrE","25-34","Femme","Premium"
"U_00719","25/03/1972","Allemagne","04/03/2016","User_PwgfXvqA","18-24","Femme","Premium"
"U_00720","06/05/1971","Allemagne","02/03/2019","User_RpcxTjRn","25-34","Femme","Premium"
"U_00722","18/03/1992","Japon","24/09/2019","User_FXrPaWlG","18-24","Homme","Premium"
"U_00731","04/07/1976","Allemagne","13/02/2019","User_zWwHyUBb","25-34","Homme","Premium"
"U_00732","25/02/1977","Allemagne","18/12/2016","User_cLPsJfhU","25-34","Femme","Free"
"U_00734","10/09/1998","Allemagne","07/12/2018","User_SJsZjCmZ","25-34","Femme","Premium"
"U_00737","25/03/2010","Japon","15/09/2020","User_cNhGtAwG","25-34","Non-binaire","Premium"
"U_00741","08/11/2006","Japon","16/12/2018","User_YgBtyQnn","18-24","Homme","Premium"
"U_00742","23/04/2010","Japon","08/07/2017","User_mbovcLaC","25-34","Femme","Premium"
"U_00745","07/08/2008","Allemagne","19/04/2016","User_SRtjgtAi","25-34","Non-binaire","Premium"
"U_00747","02/02/2009","Allemagne","14/06/2021","User_bIXnjFRF","18-24","Homme","Premium"
"U_00752","28/07/1973","Allemagne","08/03/2022","User_PNeOEsQi","18-24","Femme","Free"
"U_00757","27/10/1970","Japon","10/01/2017","User_YLCJwffd","18-24","Femme","Premium"
"U_00758","25/02/1973","Japon","18/11/2017","User_eoVdWNUT","18-24","Non-binaire","Premium"
"U_00759","20/02/1989","Allemagne","13/01/2020","User_VLvfcSQD","18-24","Homme","Premium"
"U_00762","16/03/1994","Allemagne","12/03/2020","User_LRZiqPtM","25-34","Femme","Premium"
"U_00766","29/07/1998","Allemagne","17/03/2020","User_lWXJptTi","25-34","Femme","Premium"
"U_00774","25/10/1994","Allemagne","25/10/2018","User_wTrUljyo","18-24","Homme","Free"
"U_00775","31/05/1974","Japon","31/08/2015","User_csyQuctC","25-34","Homme","Premium"
"U_00776","18/08/2005","Allemagne","15/09/2021","User_zOZjmwvJ","25-34","Homme","Premium"
"U_00777","16/04/1979","Allemagne","09/04/2020","User_lPsJItCS","18-24","Non-binaire","Free"
"U_00778","26/11/1976","Allemagne","04/09/2020","User_iNkxYXVN","18-24","Homme","Premium"
"U_00783","14/11/1993","Japon","15/03/2019","User_ZZxaUcUE","25-34","Homme","Free"
"U_00786","29/08/1995","Allemagne","17/07/2017","User_qjbrgVvb","18-24","Femme","Premium"
"U_00788","07/02/1998","Allemagne","02/08/2018","User_wNbEeiQI","18-24","Femme","Premium"
"U_00789","03/07/2010","Allemagne","08/10/2021","User_NWwvYwcG","18-24","Femme","Premium"
"U_00793","12/11/1999","Allemagne","18/05/2016","User_qOMlWOei","18-24","Homme","Premium"
"U_00799","01/03/2009","Allemagne","11/01/2017","User_YukxmQSA","25-34","Homme","Premium"
"U_00810","05/02/2008","Japon","10/11/2018","User_ZEETRfcG","18-24","Femme","Premium"
"U_00813","02/04/1993","Allemagne","21/01/2022","User_yZZUfwMR","18-24","Non-binaire","Free"
"U_00816","01/06/2004","Allemagne","02/04/2017","User_OCMuMofQ","18-24","Femme","Free"
"U_00824","26/05/1979","Japon","16/12/2018","User_HRLkbtDC","18-24","Femme","Premium"
"U_00826","04/07/1976","Allemagne","04/09/2017","User_BnRznBsT","25-34","Femme","Premium"
"U_00829","19/11/1994","Japon","03/02/2019","User_CFAeeequ","18-24","Non-binaire","Premium"
"U_00831","07/12/2003","Japon","22/06/2018","User_yRXzREpw","25-34","Femme","Premium"
"U_00833","21/01/1970","Allemagne","28/04/2022","User_VdHRdAmB","25-34","Femme","Premium"
"U_00834","01/04/1986","Allemagne","27/04/2022","User_vMtGpfYb","25-34","Femme","Premium"
"U_00838","10/05/1982","Allemagne","21/07/2016","User_MCgDCrMf","25-34","Homme","Premium"
"U_00840","30/09/1999","Allemagne","25/03/2018","User_GzonvZII","25-34","Femme","Premium"
"U_00841","08/01/2002","Japon","26/03/2015","User_GJedTuyP","25-34","Homme","Premium"
"U_00844","27/01/1980","Allemagne","12/06/2022","User_MxxHfKMY","25-34","Femme","Premium"
"U_00846","01/06/2006","Allemagne","14/12/2016","User_PPMEQqcW","25-34","Non-binaire","Premium"
"U_00847","22/02/2008","Allemagne","08/07/2020","User_PSYJseZv","25-34","Homme","Premium"
"U_00853","20/09/1987","Allemagne","29/10/2017","User_DTSduKBK","18-24","Femme","Premium"
"U_00855","05/11/1970","Allemagne","26/11/2018","User_VQJbTjmu","18-24","Non-binaire","Premium"
"U_00856","16/03/1978","Allemagne","14/08/2017","User_LOqyIJwM","18-24","Femme","Premium"
"U_00857","09/07/1971","Allemagne","17/01/2023","User_vfSTOmQo","25-34","Homme","Premium"
"U_00858","22/10/1974","Japon","24/10/2015","User_btiNSdKi","18-24","Non-binaire","Premium"
"U_00861","13/05/1998","Allemagne","21/07/2022","User_ihFBXzLa","25-34","Homme","Premium"
"U_00862","02/10/1977","Allemagne","03/08/2019","User_vDhYTUfz","18-24","Femme","Free"
"U_00863","08/09/1988","Japon","15/11/2018","User_WfqoFJci","18-24","Homme","Premium"
"U_00867","21/06/1972","Japon","08/01/2017","User_OFjXEdZb","25-34","Femme","Premium"
"U_00874","30/05/1990","Allemagne","26/07/2018","User_uKghxdIV","25-34","Femme","Premium"
"U_00875","09/07/2007","Japon","09/05/2021","User_MzMXefDV","25-34","Femme","Premium"
"U_00876","24/05/2001","Japon","29/08/2020","User_egnBsHGP","25-34","Femme","Premium"
"U_00878","03/08/1996","Japon","12/03/2020","User_RmCsUFwD","25-34","Non-binaire","Premium"
"U_00882","10/08/1976","Japon","17/03/2018","User_TelcGtck","25-34","Non-binaire","Premium"
"U_00884","08/03/1970","Japon","22/06/2018","User_umWDjNEd","18-24","Homme","Free"
"U_00885","16/08/2001","Japon","15/05/2015","User_SOPuYYcx","25-34","Femme","Premium"
"U_00888","22/06/1994","Japon","08/12/2022","User_TMLRBSGC","25-34","Homme","Premium"
"U_00889","20/12/2007","Allemagne","14/01/2016","User_CrXEUEkp","25-34","Homme","Premium"
"U_00896","06/08/2010","Japon","15/10/2016","User_VjLDpCgP","18-24","Homme","Free"
"U_00897","21/04/1988","Allemagne","22/06/2022","User_IEqkdbsm","25-34","Homme","Premium"
"U_00900","07/08/1975","Allemagne","17/12/2020","User_HrMJfPQH","18-24","Homme","Premium"
"U_00902","14/01/2006","Allemagne","07/09/2021","User_BCSVwcAY","18-24","Femme","Premium"
"U_00903","02/03/1997","Allemagne","19/11/2022","User_KmpeGyDa","25-34","Femme","Premium"
"U_00904","11/04/1972","Allemagne","26/11/2019","User_DhRjdmoO","18-24","Femme","Premium"
"U_00905","30/09/1990","Allemagne","04/01/2021","User_BFpBAIYq","25-34","Homme","Free"
"U_00907","13/03/1970","Allemagne","24/02/2017","User_MsYEfIzH","25-34","Homme","Premium"
"U_00917","05/11/1999","Allemagne","22/11/2016","User_ZnrHXgcm","25-34","Non-binaire","Premium"
"U_00918","20/02/1974","Allemagne","07/10/2018","User_uFssbkTW","25-34","Femme","Premium"
"U_00920","03/02/1988","Allemagne","25/04/2016","User_DJlCAdeF","18-24","Non-binaire","Premium"
"U_00923","24/03/1979","Japon","29/01/2021","User_uyHJtZiK","25-34","Femme","Premium"
"U_00924","13/01/1990","Allemagne","09/03/2023","User_dMlcNqbd","18-24","Femme","Premium"
"U_00926","16/02/2007","Allemagne","03/11/2018","User_ByEREeka","25-34","Homme","Premium"
"U_00929","03/08/2000","Japon","16/09/2016","User_VvlFRSDl","18-24","Homme","Premium"
"U_00930","15/05/1977","Allemagne","15/04/2016","User_knVQWDsH","18-24","Non-binaire","Premium"
"U_00931","10/03/1981","Allemagne","15/08/2020","User_wInmLHNY","25-34","Non-binaire","Premium"
"U_00934","25/01/1993","Allemagne","27/03/2015","User_ypdrjvYQ","25-34","Homme","Premium"
"U_00935","17/01/1975","Japon","16/01/2022","User_VjwtnZqM","25-34","Femme","Premium"
"U_00937","14/03/1973","Japon","22/10/2016","User_fjKeyTwr","18-24","Homme","Premium"
"U_00943","26/07/1997","Japon","20/01/2015","User_CSEfrWeW","25-34","Homme","Premium"
"U_00948","20/03/1978","Japon","30/07/2017","User_wqCCfZea","25-34","Femme","Premium"
"U_00950","27/01/1998","Allemagne","23/07/2020","User_XlQPVjWs","25-34","Non-binaire","Free"
"U_00955","09/07/2010","Allemagne","10/01/2018","User_XBouSNiZ","25-34","Femme","Free"
"U_00956","06/02/1999","Allemagne","25/03/2016","User_SJGQMurT","18-24","Femme","Free"
"U_00957","16/08/2002","Allemagne","24/04/2020","User_vNHCQans","18-24","Femme","Premium"
"U_00961","05/12/2009","Allemagne","06/06/2020","User_aqWfNVlh","25-34","Non-binaire","Premium"
"U_00964","03/01/1983","Allemagne","03/03/2016","User_gLgWiDbs","18-24","Femme","Free"
"U_00965","02/12/1999","Allemagne","16/04/2018","User_yWuHcZVG","25-34","Femme","Premium"
"U_00969","13/11/1979","Japon","04/07/2016","User_VZLOePTd","18-24","Non-binaire","Premium"
"U_00976","07/01/1974","Japon","18/03/2015","User_UhATtkzp","25-34","Homme","Premium"
"U_00984","12/03/1972","Allemagne","25/05/2017","User_ZMBPzQIb","18-24","Homme","Premium"
"U_00989","23/01/1991","Allemagne","09/12/2015","User_BzPAxjnJ","25-34","Homme","Premium"
"U_00992","26/10/1972","Japon","16/01/2015","User_azIhXfUd","18-24","Femme","Premium"
"U_00010","24/10/2008","Allemagne","23/09/2021","User_JZfBJUyj","18-24","Homme","Premium"
"U_00013","06/03/1985","Allemagne","20/02/2021","User_tsOJPFQF","18-24","Homme","Free"
"U_00015","16/10/2003","Allemagne","08/02/2021","User_YcufdSlL","18-24","Femme","Premium"
"U_00019","24/08/2000","Allemagne","26/10/2016","User_kOrptVrw","18-24","Femme","Premium"
"U_00020","08/07/1982","Allemagne","19/03/2017","User_mmAeRouA","18-24","Non-binaire","Premium"
"U_00021","07/07/1978","Japon","29/03/2020","User_BVgxQBoP","25-34","Non-binaire","Free"
"U_00022","24/08/1977","Japon","28/10/2021","User_zUSabYGh","25-34","Femme","Premium"
"U_00024","25/12/1976","Allemagne","26/11/2018","User_ytVFGTlB","25-34","Femme","Premium"
"U_00025","30/08/1970","Allemagne","20/04/2015","User_bUImzThU","25-34","Non-binaire","Premium"
"U_00028","24/07/1990","Japon","18/11/2015","User_TSGpDGJO","18-24","Femme","Premium"
"U_00032","26/05/1998","Japon","10/04/2022","User_rGIAfweC","25-34","Femme","Premium"
"U_00033","01/09/2001","Allemagne","10/08/2021","User_ULwqIJCn","25-34","Femme","Premium"
"U_00034","31/01/1990","Allemagne","14/07/2021","User_qSTmSJQA","25-34","Homme","Premium"
"U_00042","21/02/1997","Allemagne","22/07/2017","User_JzeSzGov","25-34","Homme","Free"
"U_00043","21/09/1977","Japon","06/02/2017","User_IFMfUCXA","25-34","Femme","Free"
"U_00045","22/05/1987","Japon","16/08/2021","User_ZTzmYNGt","18-24","Femme","Premium"
"U_00047","21/11/1986","Japon","26/03/2016","User_qcqzwzSF","25-34","Femme","Premium"
"U_00051","04/11/1977","Japon","27/05/2020","User_hgBDmaGH","25-34","Femme","Premium"
"U_00052","20/08/1970","Allemagne","25/09/2018","User_eHhZzqTK","25-34","Homme","Free"
"U_00053","15/03/1986","Allemagne","22/12/2015","User_PxEohHGo","25-34","Homme","Free"
"U_00055","01/07/2001","Allemagne","28/03/2019","User_JHpDMzch","18-24","Femme","Premium"
"U_00062","21/05/2008","Allemagne","28/05/2018","User_LisFfctz","18-24","Homme","Premium"
"U_00066","09/06/1982","Allemagne","19/02/2015","User_wMcCEopw","18-24","Homme","Premium"
"U_00069","20/10/1975","Japon","29/04/2015","User_DFLbrwiy","25-34","Homme","Premium"
"U_00071","17/05/1989","Allemagne","20/09/2022","User_CdHkbvRC","25-34","Non-binaire","Premium"
"U_00072","23/03/1979","Allemagne","04/10/2016","User_KVVXGwqO","25-34","Non-binaire","Premium"
"U_00073","17/01/1989","Allemagne","22/12/2022","User_QzLFBjGt","25-34","Femme","Premium"
"U_00077","05/12/1992","Allemagne","06/06/2018","User_JabYJyRm","18-24","Femme","Premium"
"U_00079","10/10/1973","Allemagne","20/09/2021","User_DOwPfHFm","25-34","Homme","Premium"
"U_00082","30/09/1995","Allemagne","20/03/2021","User_TNDmDcqp","25-34","Homme","Premium"
"U_00088","27/01/1983","Japon","14/03/2021","User_TnefsizC","25-34","Homme","Premium"
"U_00090","04/07/1992","Allemagne","13/10/2018","User_EzNnWFvi","18-24","Homme","Premium"
"U_00091","09/02/1993","Japon","22/05/2016","User_yMmLCCHX","25-34","Non-binaire","Premium"
"U_00095","17/06/1985","Japon","01/11/2022","User_uSpaOcri","18-24","Femme","Premium"
"U_00097","08/05/1972","Allemagne","01/09/2016","User_XSYEgqbi","18-24","Homme","Premium"
"U_00101","05/06/2001","Allemagne","31/05/2019","User_rQGxrJwd","25-34","Non-binaire","Premium"
"U_00105","13/02/1985","Allemagne","02/12/2017","User_dcleesjI","18-24","Femme","Premium"
"U_00107","07/02/1973","Japon","24/05/2020","User_IxBzgGHd","18-24","Homme","Premium"
"U_00108","18/11/1999","Japon","14/01/2018","User_gBdJQOMg","18-24","Homme","Free"
"U_00111","10/12/2007","Japon","24/04/2017","User_TITEVktr","25-34","Homme","Premium"
"U_00114","02/07/1988","Japon","19/02/2023","User_ExbwxJlY","25-34","Femme","Premium"
"U_00117","23/07/1995","Japon","01/04/2021","User_ygCPXtoX","18-24","Femme","Premium"
"U_00125","05/09/2009","Japon","16/06/2016","User_MGfZBNzg","25-34","Homme","Premium"
"U_00127","20/04/2006","Allemagne","18/10/2021","User_hffXKrRx","25-34","Homme","Premium"
"U_00130","02/10/1981","Japon","15/01/2017","User_wmcLbikW","18-24","Femme","Premium"
"U_00131","30/06/1998","Allemagne","24/02/2021","User_JOkgIoPt","18-24","Femme","Premium"
"U_00132","26/06/2004","Allemagne","26/08/2017","User_pShKhdvr","18-24","Non-binaire","Premium"
"U_00134","19/09/2004","Japon","05/11/2022","User_ZZpUiyOn","18-24","Non-binaire","Premium"
"U_00139","27/06/1986","Japon","19/03/2023","User_lspqcIBC","18-24","Homme","Premium"
"U_00140","05/12/1972","Allemagne","30/09/2018","User_aSNRhryc","25-34","Non-binaire","Premium"
"U_00144","19/08/2003","Japon","10/11/2015","User_iKtFICic","25-34","Femme","Premium"
"U_00145","27/10/2004","Allemagne","16/07/2016","User_UaGxONme","25-34","Femme","Premium"
"U_00154","17/06/1976","Allemagne","19/07/2019","User_PFicCDLv","25-34","Non-binaire","Premium"
"U_00155","23/06/1997","Allemagne","24/05/2016","User_AFdLkrUZ","18-24","Homme","Free"
"U_00157","08/03/1973","Japon","12/09/2016","User_tyJJFdTT","25-34","Homme","Premium"
"U_00164","21/03/1985","Allemagne","16/05/2019","User_Turiqueq","25-34","Femme","Premium"
"U_00165","18/01/1983","Allemagne","18/06/2016","User_TRJvfyDe","18-24","Femme","Premium"
"U_00170","01/04/1976","Allemagne","01/08/2021","User_EqmdfJgm","18-24","Femme","Premium"
"U_00171","27/07/1981","Allemagne","12/12/2021","User_PCByfNzx","18-24","Femme","Premium"
"U_00172","08/07/1992","Japon","18/01/2018","User_DLQlavAi","18-24","Femme","Premium"
"U_00174","12/03/1990","Japon","11/11/2016","User_ymjysYFL","18-24","Non-binaire","Premium"
"U_00179","05/04/1989","Allemagne","28/02/2016","User_muvkJGHz","18-24","Homme","Free"
"U_00181","08/07/2010","Allemagne","11/11/2022","User_yaWmlURw","25-34","Homme","Premium"
"U_00183","23/05/2001","Japon","30/04/2020","User_giIEiWkn","25-34","Non-binaire","Premium"
"U_00184","18/02/2009","Allemagne","25/08/2022","User_fcQqgcaa","18-24","Non-binaire","Premium"
"U_00185","29/05/1973","Allemagne","06/10/2018","User_aRCaAuXY","25-34","Non-binaire","Premium"
"U_00188","27/09/1996","Japon","11/09/2015","User_ZZlCCLst","18-24","Homme","Free"
"U_00189","10/08/2002","Allemagne","09/04/2018","User_nAxjFxxR","25-34","Homme","Premium"
"U_00190","19/11/2006","Japon","19/09/2017","User_MgUkwtaU","18-24","Homme","Premium"
"U_00192","01/09/1987","Japon","18/10/2021","User_CxPsMerG","25-34","Homme","Free"
"U_00193","21/03/1971","Japon","17/02/2018","User_ksvpkrWY","25-34","Homme","Premium"
"U_00195","10/01/1998","Japon","23/08/2021","User_tFvxztJE","18-24","Femme","Premium"
"U_00198","01/12/2001","Allemagne","19/03/2018","User_YRwRDwbi","25-34","Femme","Premium"
"U_00200","16/03/1988","Japon","15/02/2015","User_jMmLwxaz","25-34","Femme","Premium"
"U_00203","21/03/2010","Japon","06/10/2022","User_hZMbAkKo","25-34","Homme","Premium"
"U_00206","13/11/2008","Japon","23/07/2019","User_shgAsfeB","18-24","Femme","Premium"
"U_00207","02/03/1994","Allemagne","27/02/2017","User_DzcvUpMA","18-24","Homme","Premium"
"U_00208","07/09/2003","Japon","20/04/2018","User_nPfLKbkr","18-24","Homme","Premium"
"U_00209","30/05/1995","Allemagne","17/11/2021","User_joNmZwuF","25-34","Homme","Premium"
"U_00211","24/08/1995","Allemagne","03/09/2020","User_pTbDdZmC","25-34","Femme","Premium"
"U_00214","20/07/1998","Japon","02/09/2020","User_jWAXycnS","25-34","Femme","Premium"
"U_00218","21/02/2005","Allemagne","19/07/2021","User_fibfJODj","25-34","Homme","Free"
"U_00224","01/11/1991","Allemagne","12/03/2015","User_MUhuUDis","18-24","Femme","Free"
"U_00225","29/11/1999","Allemagne","08/11/2022","User_CKKULfbp","18-24","Homme","Premium"
"U_00226","24/05/1987","Allemagne","30/03/2021","User_hXyJXiKB","25-34","Homme","Premium"
"U_00234","11/12/1972","Allemagne","12/08/2015","User_YwsJIVMu","25-34","Homme","Premium"
"U_00239","09/02/2009","Allemagne","19/03/2018","User_kUDKBYeK","25-34","Femme","Premium"
"U_00243","05/12/1983","Allemagne","29/12/2019","User_DkyDDrIb","18-24","Femme","Premium"
"U_00251","28/03/1988","Japon","29/11/2022","User_kNfRHOkv","18-24","Homme","Premium"
"U_00252","16/02/1980","Japon","20/10/2020","User_scSNMdIb","18-24","Femme","Premium"
"U_00256","09/08/1995","Allemagne","11/05/2021","User_AsQFPcrX","18-24","Non-binaire","Premium"
"U_00262","18/06/1971","Allemagne","20/01/2020","User_JJFTyTTT","18-24","Homme","Premium"
"U_00269","14/09/1973","Allemagne","10/07/2019","User_WLnYvkKE","25-34","Homme","Premium"
"U_00270","19/09/1981","Allemagne","24/05/2019","User_fDqAPjip","18-24","Homme","Premium"
"U_00278","12/04/2008","Allemagne","26/03/2016","User_CXSgRwvm","18-24","Femme","Free"
"U_00280","14/10/2007","Japon","18/12/2018","User_OjbkPdSF","25-34","Homme","Free"
"U_00281","29/10/1982","Allemagne","05/05/2021","User_mJTGiJdH","25-34","Homme","Premium"
"U_00283","31/12/2005","Japon","09/02/2015","User_PcNgTZii","18-24","Homme","Premium"
"U_00289","20/09/1984","Allemagne","16/01/2023","User_CbHVvmqH","25-34","Femme","Premium"
"U_00290","04/04/1975","Allemagne","14/05/2015","User_oizZpdOc","18-24","Femme","Free"
"U_00293","18/10/1992","Allemagne","29/07/2015","User_ysNjVLvw","18-24","Homme","Free"
"U_00294","05/07/1976","Japon","26/03/2017","User_yMqVSWRR","25-34","Homme","Premium"
"U_00295","05/04/1994","Allemagne","15/07/2017","User_xpRQjPSf","18-24","Homme","Premium"
"U_00296","26/02/2008","Japon","30/07/2017","User_oKZDRvbu","25-34","Femme","Premium"
"U_00297","10/09/1990","Allemagne","30/12/2015","User_eNTBNNJS","25-34","Femme","Premium"
"U_00299","14/12/1987","Japon","14/12/2015","User_JtfysRiG","18-24","Homme","Premium"
"U_00304","04/04/1981","Allemagne","29/12/2021","User_btnRQDRf","18-24","Non-binaire","Premium"
"U_00308","18/08/2009","Allemagne","21/09/2020","User_EHkITqwX","25-34","Femme","Free"
"U_00314","11/04/1982","Allemagne","19/09/2016","User_fgdbIAcL","18-24","Femme","Free"
"U_00318","23/12/1991","Japon","30/04/2017","User_wdWrqHkj","25-34","Non-binaire","Premium"
"U_00320","14/10/1994","Allemagne","25/10/2019","User_ZeJjwrEK","18-24","Femme","Premium"
"U_00321","09/05/1987","Allemagne","03/01/2016","User_eIOcUUWI","25-34","Homme","Premium"
"U_00328","09/08/2008","Allemagne","17/03/2016","User_zCAbNZfg","18-24","Femme","Premium"
"U_00331","06/09/1997","Allemagne","24/07/2017","User_dgaxtyxB","25-34","Femme","Premium"
"U_00333","18/01/1992","Japon","31/12/2015","User_gIHHxWAW","25-34","Femme","Premium"
"U_00334","05/10/1982","Japon","28/02/2017","User_NQhHMJqQ","25-34","Homme","Premium"
"U_00335","15/07/1987","Japon","16/04/2018","User_EVfFJTbt","25-34","Femme","Premium"
"U_00338","27/11/1985","Japon","29/11/2016","User_MKWHNnAY","25-34","Homme","Premium"
"U_00340","13/11/2006","Japon","28/07/2017","User_oGqIJeEf","25-34","Non-binaire","Premium"
"U_00345","10/11/1970","Allemagne","14/02/2018","User_eHoEcPtx","18-24","Non-binaire","Premium"
"U_00346","24/05/1974","Allemagne","08/10/2019","User_PrHeIcbL","25-34","Femme","Premium"
"U_00347","01/04/1978","Allemagne","07/12/2022","User_cbawQkdQ","18-24","Femme","Premium"
"U_00350","23/08/1976","Allemagne","05/01/2022","User_EkVvAsnm","25-34","Homme","Free"
"U_00351","04/05/2004","Allemagne","22/07/2020","User_mNKDmNMX","18-24","Femme","Premium"
"U_00352","07/05/1993","Allemagne","24/02/2021","User_GmoxgbRA","25-34","Femme","Premium"
"U_00354","07/07/1997","Allemagne","02/09/2016","User_eyZaEpQK","18-24","Femme","Premium"
"U_00355","09/08/1971","Japon","26/01/2018","User_Uchzpijw","25-34","Non-binaire","Premium"
"U_00357","19/03/2002","Allemagne","06/10/2015","User_jcrxdczW","25-34","Femme","Premium"
"U_00358","23/07/2002","Japon","25/02/2020","User_gaFiaQcS","25-34","Femme","Premium"
"U_00360","11/10/1997","Allemagne","29/07/2019","User_yFHfZnoI","25-34","Femme","Premium"
"U_00361","25/01/1977","Allemagne","14/04/2015","User_XWpedOxA","18-24","Femme","Premium"
"U_00369","11/10/1976","Allemagne","21/10/2018","User_aWvwjDIx","25-34","Femme","Free"
"U_00370","19/03/1981","Allemagne","18/12/2019","User_pboNOrPB","18-24","Femme","Premium"
"U_00371","24/03/1975","Allemagne","28/07/2021","User_vQtFkGMP","18-24","Non-binaire","Premium"
"U_00375","25/04/1999","Allemagne","18/04/2020","User_VfVTNnZT","25-34","Non-binaire","Premium"
"U_00377","08/02/1972","Allemagne","15/09/2021","User_hLWdXOaR","18-24","Non-binaire","Free"
"U_00378","06/10/2005","Allemagne","21/02/2016","User_umDhtYpD","18-24","Femme","Premium"
"U_00379","05/12/1977","Japon","20/12/2016","User_PVlpuoLC","18-24","Non-binaire","Premium"
"U_00380","03/06/2001","Allemagne","18/08/2017","User_CLYLGxog","18-24","Femme","Premium"
"U_00381","05/03/1998","Japon","07/02/2019","User_YpmlQtkC","25-34","Femme","Premium"
"U_00382","21/11/1977","Allemagne","22/09/2017","User_LrPzARXl","18-24","Homme","Free"
"U_00383","11/04/2000","Allemagne","20/02/2016","User_UYjsNEOb","25-34","Non-binaire","Premium"
"U_00389","11/11/1976","Japon","06/02/2021","User_uJxeaOPD","25-34","Femme","Premium"
"U_00391","05/12/1997","Allemagne","08/03/2021","User_ZloBffFY","25-34","Femme","Premium"
"U_00394","04/12/1977","Allemagne","15/11/2017","User_lONxUXpz","18-24","Non-binaire","Premium"
"U_00396","24/06/2008","Japon","26/02/2023","User_MGkctGiw","18-24","Femme","Premium"
"U_00397","08/11/2010","Allemagne","18/07/2019","User_viismEXC","18-24","Femme","Free"
"U_00400","08/01/1973","Allemagne","12/03/2021","User_CAhphiuo","18-24","Homme","Premium"
"U_00404","07/01/1977","Japon","01/04/2016","User_yuLpVuIL","25-34","Femme","Premium"
"U_00405","03/10/1995","Allemagne","14/07/2020","User_DiWHXdsq","25-34","Femme","Free"
"U_00407","05/12/1980","Allemagne","24/07/2019","User_dSUxFEfp","18-24","Homme","Free"
"U_00409","12/06/2002","Allemagne","15/01/2017","User_ArWJZoQD","18-24","Homme","Free"
"U_00410","24/07/1998","Japon","03/03/2018","User_rPzuGPwc","25-34","Femme","Premium"
"U_00411","20/01/1978","Allemagne","25/04/2018","User_KuFXLHne","25-34","Homme","Premium"
"U_00412","20/05/2003","Japon","27/09/2020","User_JiMzvhEW","18-24","Non-binaire","Premium"
"U_00414","15/02/1994","Allemagne","16/07/2022","User_xYeoZZxQ","25-34","Femme","Free"
"U_00419","21/09/1997","Japon","31/10/2019","User_kaHAQBYl","18-24","Non-binaire","Premium"
"U_00422","09/02/1999","Allemagne","27/03/2018","User_setxnREg","18-24","Femme","Premium"
"U_00423","29/09/2005","Allemagne","27/02/2017","User_RufnaWIP","25-34","Non-binaire","Free"
"U_00427","27/02/1988","Allemagne","01/11/2015","User_LMstzcAR","18-24","Homme","Premium"
"U_00432","25/03/2009","Allemagne","25/11/2019","User_sExoBHca","25-34","Femme","Premium"
"U_00433","26/10/1976","Allemagne","22/01/2015","User_RQMccgBE","25-34","Femme","Premium"
"U_00434","22/09/1987","Allemagne","03/09/2022","User_aKkGJYRh","25-34","Femme","Premium"
"U_00438","21/06/1996","Allemagne","30/01/2022","User_jVuksXxE","25-34","Homme","Premium"
"U_00440","12/03/1991","Allemagne","02/04/2021","User_fSBUxSIZ","18-24","Homme","Premium"
"U_00443","23/01/2008","Allemagne","01/02/2023","User_hPUwIqfg","18-24","Homme","Free"
"U_00445","09/09/2004","Japon","13/10/2020","User_dtXCrJus","25-34","Homme","Free"
"U_00448","23/09/1973","Allemagne","30/12/2022","User_oXmvKpKy","18-24","Homme","Premium"
"U_00449","05/12/1988","Allemagne","03/03/2016","User_BJrvMfGq","25-34","Femme","Premium"
"U_00452","09/12/2006","Allemagne","17/09/2016","User_zMFCqRtF","25-34","Non-binaire","Premium"
"U_00456","10/08/1999","Allemagne","22/03/2017","User_lNXbAzzm","18-24","Femme","Free"
"U_00457","03/04/1977","Allemagne","10/02/2023","User_QvWhlpAE","18-24","Femme","Premium"
"U_00464","13/02/1975","Japon","05/01/2018","User_JAjVFLUu","25-34","Homme","Premium"
"U_00466","18/12/1984","Allemagne","17/10/2017","User_IMBbnOzJ","18-24","Femme","Premium"
"U_00467","10/12/1972","Allemagne","06/03/2018","User_mvimHmeu","25-34","Homme","Premium"
"U_00469","06/09/1988","Japon","17/02/2020","User_QqqcIxGO","25-34","Homme","Premium"
"U_00470","18/04/2010","Allemagne","02/11/2017","User_PDVQnXBr","25-34","Homme","Premium"
"U_00472","09/11/1986","Allemagne","20/03/2017","User_fXlZTpYk","18-24","Femme","Premium"
"U_00474","11/02/1994","Allemagne","14/04/2017","User_IDZdadEc","25-34","Homme","Premium"
"U_00475","28/07/1972","Japon","09/12/2021","User_YbUaTIOM","25-34","Femme","Premium"
"U_00477","13/08/1976","Allemagne","26/06/2016","User_pFHEesAG","18-24","Femme","Premium"
"U_00480","11/06/2007","Japon","04/05/2017","User_xarVHiuQ","18-24","Homme","Premium"
"U_00482","23/01/1996","Allemagne","07/03/2021","User_UYjLgxYu","18-24","Non-binaire","Premium"
"U_00483","18/04/1996","Allemagne","18/06/2019","User_WXdzSgvS","18-24","Femme","Premium"
"U_00486","10/10/2008","Allemagne","03/12/2016","User_cbWmGQoF","25-34","Homme","Premium"
"U_00487","15/12/1975","Allemagne","01/04/2022","User_gZnDjjnZ","18-24","Homme","Premium"
"U_00489","07/11/1997","Japon","03/11/2021","User_CtFJZJHf","25-34","Homme","Free"
"U_00490","16/01/1972","Japon","23/02/2017","User_vTUFOvXx","18-24","Homme","Premium"
"U_00494","15/09/2004","Japon","18/03/2017","User_qnylmTLM","25-34","Homme","Premium"
"U_00496","05/06/2010","Japon","25/10/2016","User_oEmcyMOg","18-24","Homme","Free"
"U_00500","11/09/1976","Japon","07/06/2016","User_ptjWyGMJ","18-24","Non-binaire","Premium"
"U_00503","28/02/2004","Japon","15/01/2019","User_annIystq","18-24","Femme","Premium"
"U_00505","06/10/2010","Allemagne","22/03/2018","User_JSXLJuLm","25-34","Femme","Premium"
"U_00513","01/01/2004","Japon","17/01/2022","User_FTbgkyUd","18-24","Homme","Free"
"U_00515","15/12/1987","Allemagne","24/12/2022","User_yvnhcfwt","25-34","Homme","Premium"
"U_00521","11/01/1978","Allemagne","09/11/2017","User_hTUekObd","18-24","Femme","Premium"
"U_00522","27/08/1997","Allemagne","06/01/2023","User_pnlgBsPI","25-34","Non-binaire","Premium"
"U_00523","22/02/1987","Japon","07/10/2022","User_ATurowKr","25-34","Non-binaire","Premium"
"U_00524","26/08/2006","Allemagne","15/09/2018","User_qnwpMuBC","18-24","Femme","Premium"
"U_00526","17/07/1989","Japon","08/04/2017","User_nGwTKvzx","25-34","Femme","Premium"
"U_00527","22/11/1981","Japon","12/11/2017","User_euSLKSLx","25-34","Non-binaire","Premium"
"U_00530","16/06/2009","Japon","18/03/2021","User_VSlJThis","18-24","Femme","Premium"
"U_00534","02/09/2001","Japon","01/05/2017","User_VtLlyEZR","18-24","Femme","Premium"
"U_00535","21/07/1992","Japon","21/11/2017","User_isSgrCbw","18-24","Femme","Premium"
"U_00538","13/05/1975","Allemagne","30/10/2015","User_KMcaGrZJ","25-34","Femme","Premium"
"U_00539","24/01/2007","Allemagne","29/05/2021","User_OUWMAhbx","18-24","Femme","Premium"
"U_00540","23/04/1998","Japon","02/12/2018","User_GVAdssOh","25-34","Femme","Premium"
"U_00541","28/08/1982","Japon","28/10/2015","User_vsuguGhO","25-34","Femme","Premium"
"U_00542","26/10/1994","Japon","01/07/2018","User_bffGHtYD","25-34","Homme","Premium"
"U_00543","14/05/1977","Allemagne","13/08/2022","User_FxXqcyPY","18-24","Non-binaire","Free"
"U_00544","05/01/1989","Japon","11/07/2020","User_OYpNrYdT","25-34","Homme","Premium"
"U_00549","25/03/1982","Allemagne","23/03/2019","User_LJeCSDHq","18-24","Femme","Premium"
"U_00552","20/06/2008","Allemagne","30/10/2019","User_EzuXxjje","18-24","Non-binaire","Premium"
"U_00553","21/09/1985","Japon","26/06/2018","User_OeajcbWP","18-24","Non-binaire","Free"
"U_00554","11/02/1976","Allemagne","21/06/2015","User_nAQAAsCD","18-24","Homme","Free"
"U_00556","28/09/1980","Japon","06/02/2022","User_AqWfHWpx","25-34","Femme","Premium"
"U_00560","26/04/1974","Allemagne","10/09/2022","User_TQDquyMb","18-24","Homme","Premium"
"U_00565","28/03/1970","Japon","24/04/2019","User_VyTKjwJz","25-34","Femme","Free"
"U_00567","06/04/1985","Japon","16/01/2017","User_ikQaaxwp","25-34","Homme","Premium"
"U_00570","24/01/2004","Japon","28/12/2018","User_wfjqqLNW","25-34","Femme","Premium"
"U_00573","17/08/1988","Allemagne","19/11/2018","User_DRZqgVXi","25-34","Femme","Free"
"U_00574","07/04/2008","Japon","26/01/2017","User_zjYFaIdo","25-34","Non-binaire","Premium"
"U_00585","24/06/1992","Japon","23/01/2016","User_ftcBogWh","25-34","Femme","Premium"
"U_00586","26/04/1988","Allemagne","31/12/2018","User_sOvzdaUm","18-24","Femme","Premium"
"U_00592","05/04/1978","Allemagne","09/01/2018","User_wkmJmKoz","25-34","Homme","Premium"
"U_00596","22/08/1977","Allemagne","25/08/2022","User_AZNXBcsP","18-24","Homme","Premium"
"U_00599","05/05/1976","Japon","14/06/2016","User_HXcNWLtT","18-24","Femme","Free"
"U_00608","10/08/1982","Allemagne","03/07/2020","User_SvYNdFEj","25-34","Homme","Premium"
"U_00609","30/09/2000","Allemagne","15/12/2022","User_HnIpkqJa","18-24","Non-binaire","Premium"
"U_00610","05/03/1990","Japon","21/09/2017","User_MsaSSNzg","18-24","Homme","Premium"
"U_00611","05/12/1976","Japon","27/04/2021","User_urDUMHED","25-34","Homme","Premium"
"U_00612","14/09/1990","Japon","19/03/2017","User_SeDSwJTf","18-24","Femme","Premium"
"U_00614","30/08/2001","Allemagne","26/12/2021","User_tksCyXUH","18-24","Homme","Free"
"U_00617","14/12/1974","Allemagne","09/09/2016","User_zFMogmMg","25-34","Femme","Premium"
"U_00619","28/04/2000","Japon","07/01/2020","User_zerlHGpD","18-24","Femme","Premium"
"U_00625","16/04/1970","Allemagne","01/07/2019","User_SaXKnztO","25-34","Femme","Premium"
"U_00626","26/11/2003","Allemagne","22/10/2019","User_PcbtTALx","25-34","Homme","Premium"
"U_00627","02/05/1976","Allemagne","18/12/2021","User_kppWoiCE","25-34","Femme","Premium"
"U_00633","17/07/1988","Japon","25/09/2020","User_MagmftTX","25-34","Femme","Premium"
"U_00635","06/02/1998","Japon","25/07/2020","User_NIZbmuxm","25-34","Femme","Premium"
"U_00636","17/08/1980","Allemagne","04/08/2015","User_HGSmBgof","18-24","Non-binaire","Premium"
"U_00637","22/12/1981","Allemagne","09/01/2020","User_cgfeyuAN","25-34","Non-binaire","Premium"
"U_00641","29/01/1999","Allemagne","10/08/2021","User_aPNKoZUK","18-24","Femme","Premium"
"U_00643","31/07/1983","Allemagne","08/05/2021","User_IUnZswGu","25-34","Homme","Premium"
"U_00644","12/05/1987","Japon","22/03/2019","User_VIiXuNLq","25-34","Non-binaire","Premium"
"U_00645","19/01/2006","Allemagne","21/09/2016","User_zFioxKob","18-24","Non-binaire","Premium"
"U_00647","12/09/1993","Japon","01/10/2019","User_kmvLdAKn","18-24","Homme","Premium"
"U_00648","18/01/1970","Allemagne","30/10/2015","User_lTiOpOLH","18-24","Femme","Premium"
"U_00651","17/11/1972","Japon","18/05/2015","User_ARHTmiPZ","25-34","Femme","Premium"
"U_00652","22/11/1973","Allemagne","24/01/2020","User_XePnNOgm","18-24","Femme","Premium"
"U_00655","11/11/2004","Allemagne","15/05/2021","User_MfuwOuRr","25-34","Homme","Premium"
"U_00656","10/03/1985","Allemagne","04/06/2016","User_rEgxfWIR","18-24","Femme","Premium"
"U_00661","29/08/1992","Japon","22/02/2020","User_kkMvNvEK","18-24","Non-binaire","Premium"
"U_00662","08/04/2005","Allemagne","08/05/2016","User_ZasJCizY","25-34","Femme","Premium"
"U_00664","21/07/1973","Allemagne","21/06/2015","User_afrWIhct","25-34","Homme","Premium"
"U_00665","14/02/1982","Japon","25/12/2019","User_aLKmWcbd","18-24","Femme","Premium"
"U_00673","13/09/1979","Allemagne","05/12/2015","User_HlKZbPgx","18-24","Femme","Premium"
"U_00674","02/05/1989","Allemagne","10/01/2023","User_BjilLgXt","18-24","Non-binaire","Premium"

1000 lignes selectionnees.

SQL> SET MARKUP CSV OFF;
SQL> exit
